"run_id","device_label","charger_rated_output","power_state","workload","policy","duty_on_seconds","duty_off_seconds","duration_seconds_requested","sample_seconds_requested","screen_state","screen_brightness_setting","battery_saver_state","ambient_temperature_c","elapsed_seconds","sample_index","android_ac_powered","android_usb_powered","android_wireless_powered","sysfs_ac_online","sysfs_usb_online","sysfs_charger_online","battery_level_percent","battery_status_text","battery_status_code","battery_health","battery_present","battery_temperature_raw_tenths_c","battery_temperature_c","battery_voltage_raw_uv","battery_voltage_v","battery_current_now_available","battery_current_now_raw_ua","battery_current_now_ma","battery_current_avg_available","battery_current_avg_raw_ua","battery_current_avg_ma","battery_charge_counter_available","battery_charge_counter_raw_uah","battery_charge_counter_uah","battery_charge_full_raw_uah","battery_charge_full_uah","battery_power_estimate_mw","max_charging_current_ua","max_charging_voltage_uv","cpu_busy_percent","cpu_user_delta_ticks","cpu_nice_delta_ticks","cpu_system_delta_ticks","cpu_idle_delta_ticks","cpu_iowait_delta_ticks","cpu_irq_delta_ticks","cpu_softirq_delta_ticks","cpu_steal_delta_ticks","cpu_total_delta_ticks","cpu_online_mask","cpu_policy0_available","cpu_policy0_affected_cpus","cpu_policy0_cur_freq_khz","cpu_policy0_min_freq_khz","cpu_policy0_max_freq_khz","cpu_policy4_available","cpu_policy4_affected_cpus","cpu_policy4_cur_freq_khz","cpu_policy4_min_freq_khz","cpu_policy4_max_freq_khz","thermal_service_available","thermal_status","thermal_status_name","thermal_cpu_c","thermal_gpu_c","thermal_battery_c","thermal_skin_c","sample_ok","sample_error"
"C4-L","lenovo_tablet","TBD","AC_CONNECTED","COMPACT","DUTY_CYCLE","60","30","900","10","ON","TBD","OFF","","0","0","true","false","false","1","0","1","58","Charging","2","Good","1","300","30.0","4045000","4.045","TRUE","1437400","1437.400","TRUE","-186000","-186.000","TRUE","1325700","1325700","2946000","2946000","5814.3","0","0","","","","","","","","","","","0-7","TRUE","0 1 2 3","900000","900000","","TRUE","4 5 6 7","400000","400000","1800000","TRUE","0","NONE","33.7","33.7","29.8","32.0","TRUE",""
"C4-L","lenovo_tablet","TBD","AC_CONNECTED","COMPACT","DUTY_CYCLE","60","30","900","10","ON","TBD","OFF","","10","1","true","false","false","1","0","1","59","Charging","2","Good","1","310","31.0","4041000","4.041","TRUE","1238700","1238.700","TRUE","-186000","-186.000","TRUE","1355160","1355160","2946000","2946000","5005.6","0","0","17.32","792","46","448","6205","1","0","14","0","7506","0-7","TRUE","0 1 2 3","2301000","900000","","TRUE","4 5 6 7","400000","400000","1800000","TRUE","0","NONE","40.1","40.1","30.3","32.0","TRUE",""
"C4-L","lenovo_tablet","TBD","AC_CONNECTED","COMPACT","DUTY_CYCLE","60","30","900","10","ON","TBD","OFF","","20","2","true","false","false","1","0","1","59","Charging","2","Good","1","310","31.0","4041000","4.041","TRUE","1325800","1325.800","TRUE","-186000","-186.000","TRUE","1355160","1355160","2946000","2946000","5357.6","0","0","27.69","1635","167","414","5805","7","0","10","0","8038","0-7","TRUE","0 1 2 3","2301000","900000","","TRUE","4 5 6 7","400000","400000","1800000","TRUE","0","NONE","43.3","43.3","30.8","33.0","TRUE",""
"C4-L","lenovo_tablet","TBD","AC_CONNECTED","COMPACT","DUTY_CYCLE","60","30","900","10","ON","TBD","OFF","","30","3","true","false","false","1","0","1","59","Charging","2","Good","1","310","31.0","4041000","4.041","TRUE","1345900","1345.900","TRUE","-186000","-186.000","TRUE","1355160","1355160","2946000","2946000","5438.8","0","0","30.18","1666","249","483","5544","33","0","13","0","7988","0-7","TRUE","0 1 2 3","2301000","900000","","TRUE","4 5 6 7","400000","400000","1800000","TRUE","0","NONE","44.4","44.4","31.0","34.0","TRUE",""
"C4-L","lenovo_tablet","TBD","AC_CONNECTED","COMPACT","DUTY_CYCLE","60","30","900","10","ON","TBD","OFF","","40","4","true","false","false","1","0","1","59","Charging","2","Good","1","310","31.0","4041000","4.041","TRUE","1324200","1324.200","TRUE","-186000","-186.000","TRUE","1355160","1355160","2946000","2946000","5351.1","0","0","29.99","1662","199","521","5581","18","0","16","0","7997","0-7","TRUE","0 1 2 3","2301000","900000","","TRUE","4 5 6 7","400000","400000","1800000","TRUE","0","NONE","42.1","42.1","31.0","34.0","TRUE",""
"C4-L","lenovo_tablet","TBD","AC_CONNECTED","COMPACT","DUTY_CYCLE","60","30","900","10","ON","TBD","OFF","","50","5","true","false","false","1","0","1","59","Charging","2","Good","1","310","31.0","4041000","4.041","TRUE","1324500","1324.500","TRUE","-186000","-186.000","TRUE","1355160","1355160","2946000","2946000","5352.3","0","0","29.70","2019","248","556","6717","8","0","18","0","9566","0-7","TRUE","0 1 2 3","2301000","900000","","TRUE","4 5 6 7","501000","400000","1800000","TRUE","0","NONE","43.8","43.8","31.0","35.0","TRUE",""
"C4-L","lenovo_tablet","TBD","AC_CONNECTED","COMPACT","DUTY_CYCLE","60","30","900","10","ON","TBD","OFF","","60","6","true","false","false","1","0","1","59","Charging","2","Good","1","310","31.0","4053000","4.053","TRUE","1321700","1321.700","TRUE","1362000","1362.000","TRUE","1355160","1355160","2946000","2946000","5356.9","0","0","27.14","1177","88","296","4217","1","0","10","0","5789","0-7","TRUE","0 1 2 3","2301000","900000","","TRUE","4 5 6 7","400000","400000","1800000","TRUE","0","NONE","44.7","44.7","31.0","35.0","TRUE",""
"C4-L","lenovo_tablet","TBD","AC_CONNECTED","COMPACT","DUTY_CYCLE","60","30","900","10","ON","TBD","OFF","","70","7","true","false","false","1","0","1","59","Charging","2","Good","1","310","31.0","4068000","4.068","TRUE","1425100","1425.100","TRUE","1362000","1362.000","TRUE","1355160","1355160","2946000","2946000","5797.3","0","0","20.22","1235","81","365","6672","2","0","11","0","8366","0-7","TRUE","0 1 2 3","900000","900000","","TRUE","4 5 6 7","400000","400000","1800000","TRUE","0","NONE","37.1","37.1","31.0","35.0","TRUE",""
"C4-L","lenovo_tablet","TBD","AC_CONNECTED","COMPACT","DUTY_CYCLE","60","30","900","10","ON","TBD","OFF","","80","8","true","false","false","1","0","1","59","Charging","2","Good","1","310","31.0","4068000","4.068","TRUE","1440200","1440.200","TRUE","1362000","1362.000","TRUE","1355160","1355160","2946000","2946000","5858.7","0","0","5.94","214","3","250","7472","3","0","5","0","7947","0-7","TRUE","0 1 2 3","900000","900000","","TRUE","4 5 6 7","400000","400000","1800000","TRUE","0","NONE","35.6","35.6","31.0","34.0","TRUE",""
"C4-L","lenovo_tablet","TBD","AC_CONNECTED","COMPACT","DUTY_CYCLE","60","30","900","10","ON","TBD","OFF","","90","9","true","false","false","1","0","1","59","Charging","2","Good","1","310","31.0","4068000","4.068","TRUE","1456200","1456.200","TRUE","1362000","1362.000","TRUE","1355160","1355160","2946000","2946000","5923.8","0","0","6.24","206","11","216","6598","0","0","6","0","7037","0-7","TRUE","0 1 2 3","900000","900000","","TRUE","4 5 6 7","400000","400000","1800000","TRUE","0","NONE","35.3","35.3","31.0","34.0","TRUE",""
"C4-L","lenovo_tablet","TBD","AC_CONNECTED","COMPACT","DUTY_CYCLE","60","30","900","10","ON","TBD","OFF","","100","10","true","false","false","1","0","1","59","Charging","2","Good","1","310","31.0","4068000","4.068","TRUE","1315100","1315.100","TRUE","1362000","1362.000","TRUE","1355160","1355160","2946000","2946000","5349.8","0","0","10.94","551","20","271","6916","2","0","8","0","7768","0-7","TRUE","0 1 2 3","2301000","900000","","TRUE","4 5 6 7","1314000","400000","1800000","TRUE","0","NONE","41.6","41.6","31.0","34.0","TRUE",""
"C4-L","lenovo_tablet","TBD","AC_CONNECTED","COMPACT","DUTY_CYCLE","60","30","900","10","ON","TBD","OFF","","110","11","true","false","false","1","0","1","59","Charging","2","Good","1","310","31.0","4068000","4.068","TRUE","1276100","1276.100","TRUE","1362000","1362.000","TRUE","1355160","1355160","2946000","2946000","5191.2","0","0","36.24","1758","417","665","4932","76","0","7","0","7855","0-7","TRUE","0 1 2 3","2301000","900000","","TRUE","4 5 6 7","400000","400000","1800000","TRUE","0","NONE","44.1","44.1","31.0","35.0","TRUE",""
"C4-L","lenovo_tablet","TBD","AC_CONNECTED","COMPACT","DUTY_CYCLE","60","30","900","10","ON","TBD","OFF","","120","12","true","false","false","1","0","1","59","Charging","2","Good","1","310","31.0","4068000","4.068","TRUE","1294400","1294.400","TRUE","1404000","1404.000","TRUE","1355160","1355160","2946000","2946000","5265.6","0","0","26.48","1735","125","413","6333","4","0","10","0","8620","0-7","TRUE","0 1 2 3","2301000","900000","","TRUE","4 5 6 7","400000","400000","1800000","TRUE","0","NONE","44.5","44.5","31.0","35.0","TRUE",""
"C4-L","lenovo_tablet","TBD","AC_CONNECTED","COMPACT","DUTY_CYCLE","60","30","900","10","ON","TBD","OFF","","130","13","true","false","false","1","0","1","60","Charging","2","Good","1","310","31.0","4058000","4.058","TRUE","1250700","1250.700","TRUE","1404000","1404.000","TRUE","1384620","1384620","2946000","2946000","5075.3","0","0","26.36","1586","105","398","5863","5","0","12","0","7969","0-7","TRUE","0 1 2 3","2301000","900000","","TRUE","4 5 6 7","400000","400000","1800000","TRUE","0","NONE","44.1","44.1","31.0","36.0","TRUE",""
"C4-L","lenovo_tablet","TBD","AC_CONNECTED","COMPACT","DUTY_CYCLE","60","30","900","10","ON","TBD","OFF","","140","14","true","false","false","1","0","1","60","Charging","2","Good","1","310","31.0","4058000","4.058","TRUE","1316100","1316.100","TRUE","1404000","1404.000","TRUE","1384620","1384620","2946000","2946000","5340.7","0","0","28.22","1396","124","354","4803","0","0","14","0","6691","0-7","TRUE","0 1 2 3","2301000","900000","","TRUE","4 5 6 7","501000","400000","1800000","TRUE","0","NONE","44.7","44.7","31.0","36.0","TRUE",""
"C4-L","lenovo_tablet","TBD","AC_CONNECTED","COMPACT","DUTY_CYCLE","60","30","900","10","ON","TBD","OFF","","150","15","true","false","false","1","0","1","60","Charging","2","Good","1","310","31.0","4058000","4.058","TRUE","1304400","1304.400","TRUE","1404000","1404.000","TRUE","1384620","1384620","2946000","2946000","5293.3","0","0","25.59","1519","109","346","5768","1","0","10","0","7753","0-7","TRUE","0 1 2 3","2301000","900000","","TRUE","4 5 6 7","542000","400000","1800000","TRUE","0","NONE","44.7","44.7","31.0","36.0","TRUE",""
"C4-L","lenovo_tablet","TBD","AC_CONNECTED","COMPACT","DUTY_CYCLE","60","30","900","10","ON","TBD","OFF","","160","16","true","false","false","1","0","1","60","Charging","2","Good","1","310","31.0","4058000","4.058","TRUE","1440800","1440.800","TRUE","1404000","1404.000","TRUE","1384620","1384620","2946000","2946000","5846.8","0","0","21.17","1289","68","356","6412","6","0","11","0","8142","0-7","TRUE","0 1 2 3","1617000","900000","","TRUE","4 5 6 7","400000","400000","1800000","TRUE","0","NONE","38.5","38.5","31.0","36.0","TRUE",""
"C4-L","lenovo_tablet","TBD","AC_CONNECTED","COMPACT","DUTY_CYCLE","60","30","900","10","ON","TBD","OFF","","170","17","true","false","false","1","0","1","60","Charging","2","Good","1","310","31.0","4058000","4.058","TRUE","1477900","1477.900","TRUE","1404000","1404.000","TRUE","1384620","1384620","2946000","2946000","5997.3","0","0","7.73","275","88","284","7784","4","0","5","0","8440","0-7","TRUE","0 1 2 3","900000","900000","","TRUE","4 5 6 7","400000","400000","1800000","TRUE","0","NONE","36.4","36.4","31.0","35.0","TRUE",""
"C4-L","lenovo_tablet","TBD","AC_CONNECTED","COMPACT","DUTY_CYCLE","60","30","900","10","ON","TBD","OFF","","180","18","true","false","false","1","0","1","60","Charging","2","Good","1","310","31.0","4058000","4.058","TRUE","1436400","1436.400","TRUE","1362000","1362.000","TRUE","1384620","1384620","2946000","2946000","5828.9","0","0","6.89","233","72","239","7432","1","0","6","0","7983","0-7","TRUE","0 1 2 3","900000","900000","","TRUE","4 5 6 7","400000","400000","1800000","TRUE","0","NONE","36.9","36.9","31.0","35.0","TRUE",""
"C4-L","lenovo_tablet","TBD","AC_CONNECTED","COMPACT","DUTY_CYCLE","60","30","900","10","ON","TBD","OFF","","190","19","true","false","false","1","0","1","60","Charging","2","Good","1","310","31.0","4092000","4.092","TRUE","1363500","1363.500","TRUE","1362000","1362.000","TRUE","1384620","1384620","2946000","2946000","5579.4","0","0","13.15","600","28","285","6078","3","0","8","0","7002","0-7","TRUE","0 1 2 3","2301000","900000","","TRUE","4 5 6 7","400000","400000","1800000","TRUE","0","NONE","42.6","42.6","31.0","34.0","TRUE",""
"C4-L","lenovo_tablet","TBD","AC_CONNECTED","COMPACT","DUTY_CYCLE","60","30","900","10","ON","TBD","OFF","","200","20","true","false","false","1","0","1","60","Charging","2","Good","1","310","31.0","4092000","4.092","TRUE","1328600","1328.600","TRUE","1362000","1362.000","TRUE","1384620","1384620","2946000","2946000","5436.6","0","0","30.16","1680","276","396","5467","12","0","14","0","7845","0-7","TRUE","0 1 2 3","2301000","900000","","TRUE","4 5 6 7","400000","400000","1800000","TRUE","0","NONE","45.0","45.0","31.0","35.0","TRUE",""
"C4-L","lenovo_tablet","TBD","AC_CONNECTED","COMPACT","DUTY_CYCLE","60","30","900","10","ON","TBD","OFF","","210","21","true","false","false","1","0","1","60","Charging","2","Good","1","310","31.0","4092000","4.092","TRUE","1348100","1348.100","TRUE","1362000","1362.000","TRUE","1384620","1384620","2946000","2946000","5516.4","0","0","25.85","1560","84","339","5708","0","0","7","0","7698","0-7","TRUE","0 1 2 3","2301000","900000","","TRUE","4 5 6 7","400000","400000","1800000","TRUE","0","NONE","45.2","45.2","31.0","36.0","TRUE",""
"C4-L","lenovo_tablet","TBD","AC_CONNECTED","COMPACT","DUTY_CYCLE","60","30","900","10","ON","TBD","OFF","","220","22","true","false","false","1","0","1","60","Charging","2","Good","1","310","31.0","4092000","4.092","TRUE","1342800","1342.800","TRUE","1362000","1362.000","TRUE","1384620","1384620","2946000","2946000","5494.7","0","0","29.85","1547","267","455","5325","29","0","9","0","7632","0-7","TRUE","0 1 2 3","2301000","900000","","TRUE","4 5 6 7","400000","400000","1800000","TRUE","0","NONE","45.2","45.2","31.0","36.0","TRUE",""
"C4-L","lenovo_tablet","TBD","AC_CONNECTED","COMPACT","DUTY_CYCLE","60","30","900","10","ON","TBD","OFF","","230","23","true","false","false","1","0","1","60","Charging","2","Good","1","310","31.0","4092000","4.092","TRUE","1304700","1304.700","TRUE","1362000","1362.000","TRUE","1384620","1384620","2946000","2946000","5338.8","0","0","25.48","1701","106","399","6489","1","0","13","0","8709","0-7","TRUE","0 1 2 3","2301000","900000","","TRUE","4 5 6 7","400000","400000","1800000","TRUE","0","NONE","45.2","45.2","31.0","36.0","TRUE",""
"C4-L","lenovo_tablet","TBD","AC_CONNECTED","COMPACT","DUTY_CYCLE","60","30","900","10","ON","TBD","OFF","","240","24","true","false","false","1","0","1","60","Charging","2","Good","1","310","31.0","4092000","4.092","TRUE","1344000","1344.000","TRUE","1374000","1374.000","TRUE","1384620","1384620","2946000","2946000","5499.6","0","0","26.85","1418","107","339","5095","3","0","7","0","6969","0-7","TRUE","0 1 2 3","2301000","900000","","TRUE","4 5 6 7","400000","400000","1800000","TRUE","0","NONE","45.0","45.0","31.0","36.0","TRUE",""
"C4-L","lenovo_tablet","TBD","AC_CONNECTED","COMPACT","DUTY_CYCLE","60","30","900","10","ON","TBD","OFF","","250","25","true","false","false","1","0","1","61","Charging","2","Good","1","310","31.0","4066000","4.066","TRUE","1461300","1461.300","TRUE","1374000","1374.000","TRUE","1414080","1414080","2946000","2946000","5941.6","0","0","23.23","1316","99","366","5928","4","0","14","0","7727","0-7","TRUE","0 1 2 3","900000","900000","","TRUE","4 5 6 7","400000","400000","1800000","TRUE","0","NONE","38.9","38.9","31.0","36.0","TRUE",""
"C4-L","lenovo_tablet","TBD","AC_CONNECTED","COMPACT","DUTY_CYCLE","60","30","900","10","ON","TBD","OFF","","260","26","true","false","false","1","0","1","61","Charging","2","Good","1","310","31.0","4066000","4.066","TRUE","1463200","1463.200","TRUE","1374000","1374.000","TRUE","1414080","1414080","2946000","2946000","5949.4","0","0","8.09","296","81","308","7830","16","0","6","0","8537","0-7","TRUE","0 1 2 3","900000","900000","","TRUE","4 5 6 7","400000","400000","1800000","TRUE","0","NONE","36.9","36.9","31.0","36.0","TRUE",""
"C4-L","lenovo_tablet","TBD","AC_CONNECTED","COMPACT","DUTY_CYCLE","60","30","900","10","ON","TBD","OFF","","270","27","true","false","false","1","0","1","61","Charging","2","Good","1","310","31.0","4066000","4.066","TRUE","1482300","1482.300","TRUE","1374000","1374.000","TRUE","1414080","1414080","2946000","2946000","6027.0","0","0","5.93","202","2","216","6788","1","0","8","0","7217","0-7","TRUE","0 1 2 3","900000","900000","","TRUE","4 5 6 7","400000","400000","1800000","TRUE","0","NONE","36.2","36.2","31.0","35.0","TRUE",""
"C4-L","lenovo_tablet","TBD","AC_CONNECTED","COMPACT","DUTY_CYCLE","60","30","900","10","ON","TBD","OFF","","280","28","true","false","false","1","0","1","61","Charging","2","Good","1","310","31.0","4066000","4.066","TRUE","1359400","1359.400","TRUE","1374000","1374.000","TRUE","1414080","1414080","2946000","2946000","5527.3","0","0","9.59","465","20","246","6988","1","0","10","0","7730","0-7","TRUE","0 1 2 3","2301000","900000","","TRUE","4 5 6 7","400000","400000","1800000","TRUE","0","NONE","39.9","39.9","31.0","35.0","TRUE",""
"C4-L","lenovo_tablet","TBD","AC_CONNECTED","COMPACT","DUTY_CYCLE","60","30","900","10","ON","TBD","OFF","","290","29","true","false","false","1","0","1","61","Charging","2","Good","1","310","31.0","4066000","4.066","TRUE","1345600","1345.600","TRUE","1374000","1374.000","TRUE","1414080","1414080","2946000","2946000","5471.2","0","0","25.21","1557","105","346","5983","3","0","10","0","8004","0-7","TRUE","0 1 2 3","2301000","900000","","TRUE","4 5 6 7","400000","400000","1800000","TRUE","0","NONE","44.7","44.7","31.0","35.0","TRUE",""
"C4-L","lenovo_tablet","TBD","AC_CONNECTED","COMPACT","DUTY_CYCLE","60","30","900","10","ON","TBD","OFF","","300","30","true","false","false","1","0","1","61","Charging","2","Good","1","310","31.0","4066000","4.066","TRUE","1312600","1312.600","TRUE","1410000","1410.000","TRUE","1414080","1414080","2946000","2946000","5337.0","0","0","26.64","1493","189","322","5542","1","0","9","0","7556","0-7","TRUE","0 1 2 3","2301000","900000","","TRUE","4 5 6 7","501000","400000","1800000","TRUE","0","NONE","45.7","45.7","31.0","36.0","TRUE",""
"C4-L","lenovo_tablet","TBD","AC_CONNECTED","COMPACT","DUTY_CYCLE","60","30","900","10","ON","TBD","OFF","","310","31","true","false","false","1","0","1","61","Charging","2","Good","1","310","31.0","4075000","4.075","TRUE","1248800","1248.800","TRUE","1410000","1410.000","TRUE","1414080","1414080","2946000","2946000","5088.9","0","0","26.94","1630","127","382","5833","0","0","12","0","7984","0-7","TRUE","0 1 2 3","2301000","900000","","TRUE","4 5 6 7","400000","400000","1800000","TRUE","0","NONE","45.2","45.2","31.0","36.0","TRUE",""
"C4-L","lenovo_tablet","TBD","AC_CONNECTED","COMPACT","DUTY_CYCLE","60","30","900","10","ON","TBD","OFF","","320","32","true","false","false","1","0","1","61","Charging","2","Good","1","310","31.0","4075000","4.075","TRUE","1348400","1348.400","TRUE","1410000","1410.000","TRUE","1414080","1414080","2946000","2946000","5494.7","0","0","26.63","1573","133","370","5747","0","0","10","0","7833","0-7","TRUE","0 1 2 3","2301000","900000","","TRUE","4 5 6 7","501000","400000","1800000","TRUE","0","NONE","45.0","45.0","31.0","36.0","TRUE",""
"C4-L","lenovo_tablet","TBD","AC_CONNECTED","COMPACT","DUTY_CYCLE","60","30","900","10","ON","TBD","OFF","","330","33","true","false","false","1","0","1","61","Charging","2","Good","1","310","31.0","4075000","4.075","TRUE","1288700","1288.700","TRUE","1410000","1410.000","TRUE","1414080","1414080","2946000","2946000","5251.5","0","0","25.57","1820","120","407","6860","1","0","10","0","9218","0-7","TRUE","0 1 2 3","2301000","900000","","TRUE","4 5 6 7","400000","400000","1800000","TRUE","0","NONE","43.5","43.5","31.0","37.0","TRUE",""
"C4-L","lenovo_tablet","TBD","AC_CONNECTED","COMPACT","DUTY_CYCLE","60","30","900","10","ON","TBD","OFF","","340","34","true","false","false","1","0","1","61","Charging","2","Good","1","310","31.0","4075000","4.075","TRUE","1444600","1444.600","TRUE","1410000","1410.000","TRUE","1414080","1414080","2946000","2946000","5886.7","0","0","23.51","1074","84","313","4818","0","0","10","0","6299","0-7","TRUE","0 1 2 3","900000","900000","","TRUE","4 5 6 7","400000","400000","1800000","TRUE","0","NONE","39.2","39.2","31.0","37.0","TRUE",""
"C4-L","lenovo_tablet","TBD","AC_CONNECTED","COMPACT","DUTY_CYCLE","60","30","900","10","ON","TBD","OFF","","350","35","true","false","false","1","0","1","61","Charging","2","Good","1","310","31.0","4075000","4.075","TRUE","1444300","1444.300","TRUE","1410000","1410.000","TRUE","1414080","1414080","2946000","2946000","5885.5","0","0","6.34","243","1","256","7473","0","0","6","0","7979","0-7","TRUE","0 1 2 3","900000","900000","","TRUE","4 5 6 7","400000","400000","1800000","TRUE","0","NONE","36.9","36.9","31.0","36.0","TRUE",""
"C4-L","lenovo_tablet","TBD","AC_CONNECTED","COMPACT","DUTY_CYCLE","60","30","900","10","ON","TBD","OFF","","360","36","true","false","false","1","0","1","61","Charging","2","Good","1","310","31.0","4075000","4.075","TRUE","1457200","1457.200","TRUE","1362000","1362.000","TRUE","1414080","1414080","2946000","2946000","5938.1","0","0","6.65","241","12","256","7237","2","0","7","0","7755","0-7","TRUE","0 1 2 3","900000","900000","","TRUE","4 5 6 7","400000","400000","1800000","TRUE","0","NONE","37.3","37.3","31.0","35.0","TRUE",""
"C4-L","lenovo_tablet","TBD","AC_CONNECTED","COMPACT","DUTY_CYCLE","60","30","900","10","ON","TBD","OFF","","370","37","true","false","false","1","0","1","63","Charging","2","Good","1","310","31.0","4094000","4.094","TRUE","1436100","1436.100","TRUE","1362000","1362.000","TRUE","1443540","1443540","2946000","2946000","5879.4","0","0","9.50","473","15","255","7153","0","0","8","0","7904","0-7","TRUE","0 1 2 3","2301000","900000","","TRUE","4 5 6 7","400000","400000","1800000","TRUE","0","NONE","39.9","39.9","31.0","35.0","TRUE",""
"C4-L","lenovo_tablet","TBD","AC_CONNECTED","COMPACT","DUTY_CYCLE","60","30","900","10","ON","TBD","OFF","","380","38","true","false","false","1","0","1","63","Charging","2","Good","1","310","31.0","4094000","4.094","TRUE","1327100","1327.100","TRUE","1362000","1362.000","TRUE","1443540","1443540","2946000","2946000","5433.1","0","0","25.27","1898","113","406","7186","1","0","13","0","9617","0-7","TRUE","0 1 2 3","2301000","900000","","TRUE","4 5 6 7","501000","400000","1800000","TRUE","0","NONE","44.1","44.1","31.0","36.0","TRUE",""
"C4-L","lenovo_tablet","TBD","AC_CONNECTED","COMPACT","DUTY_CYCLE","60","30","900","10","ON","TBD","OFF","","390","39","true","false","false","1","0","1","63","Charging","2","Good","1","310","31.0","4094000","4.094","TRUE","1240600","1240.600","TRUE","1362000","1362.000","TRUE","1443540","1443540","2946000","2946000","5079.0","0","0","26.78","2344","208","569","8534","18","0","7","0","11680","0-7","TRUE","0 1 2 3","2301000","900000","","TRUE","4 5 6 7","501000","400000","1800000","TRUE","0","NONE","43.7","43.7","31.0","36.0","TRUE",""
"C4-L","lenovo_tablet","TBD","AC_CONNECTED","COMPACT","DUTY_CYCLE","60","30","900","10","ON","TBD","OFF","","402","40","true","false","false","1","0","1","63","Charging","2","Good","1","310","31.0","4094000","4.094","TRUE","1357900","1357.900","TRUE","1362000","1362.000","TRUE","1443540","1443540","2946000","2946000","5559.2","0","0","28.32","1055","97","293","3687","0","0","12","0","5144","0-7","TRUE","0 1 2 3","2301000","900000","","TRUE","4 5 6 7","400000","400000","1800000","TRUE","0","NONE","43.4","43.4","31.0","36.0","TRUE",""
"C4-L","lenovo_tablet","TBD","AC_CONNECTED","COMPACT","DUTY_CYCLE","60","30","900","10","ON","TBD","OFF","","410","41","true","false","false","1","0","1","63","Charging","2","Good","1","310","31.0","4094000","4.094","TRUE","1325500","1325.500","TRUE","1362000","1362.000","TRUE","1443540","1443540","2946000","2946000","5426.6","0","0","29.40","1017","85","287","3347","1","0","5","0","4742","0-7","TRUE","0 1 2 3","2301000","900000","","TRUE","4 5 6 7","400000","400000","1800000","TRUE","0","NONE","44.1","44.1","31.0","37.0","TRUE",""
"C4-L","lenovo_tablet","TBD","AC_CONNECTED","COMPACT","DUTY_CYCLE","60","30","900","10","ON","TBD","OFF","","420","42","true","false","false","1","0","1","63","Charging","2","Good","1","310","31.0","4094000","4.094","TRUE","1342800","1342.800","TRUE","1380000","1380.000","TRUE","1443540","1443540","2946000","2946000","5497.4","0","0","26.37","1530","126","357","5651","1","0","11","0","7676","0-7","TRUE","0 1 2 3","2301000","900000","","TRUE","4 5 6 7","400000","400000","1800000","TRUE","0","NONE","45.6","45.6","31.0","37.0","TRUE",""
"C4-L","lenovo_tablet","TBD","AC_CONNECTED","COMPACT","DUTY_CYCLE","60","30","900","10","ON","TBD","OFF","","430","43","true","false","false","1","0","1","63","Charging","2","Good","1","310","31.0","4078000","4.078","TRUE","1460300","1460.300","TRUE","1380000","1380.000","TRUE","1443540","1443540","2946000","2946000","5955.1","0","0","23.01","1379","100","342","6137","0","0","13","0","7971","0-7","TRUE","0 1 2 3","900000","900000","","TRUE","4 5 6 7","400000","400000","1800000","TRUE","0","NONE","39.4","39.4","31.0","37.0","TRUE",""
"C4-L","lenovo_tablet","TBD","AC_CONNECTED","COMPACT","DUTY_CYCLE","60","30","900","10","ON","TBD","OFF","","440","44","true","false","false","1","0","1","63","Charging","2","Good","1","310","31.0","4078000","4.078","TRUE","1455600","1455.600","TRUE","1380000","1380.000","TRUE","1443540","1443540","2946000","2946000","5935.9","0","0","6.40","240","14","245","7400","3","0","7","0","7909","0-7","TRUE","0 1 2 3","900000","900000","","TRUE","4 5 6 7","400000","400000","1800000","TRUE","0","NONE","37.3","37.3","31.0","36.0","TRUE",""
"C4-L","lenovo_tablet","TBD","AC_CONNECTED","COMPACT","DUTY_CYCLE","60","30","900","10","ON","TBD","OFF","","450","45","true","false","false","1","0","1","63","Charging","2","Good","1","310","31.0","4078000","4.078","TRUE","1453100","1453.100","TRUE","1380000","1380.000","TRUE","1443540","1443540","2946000","2946000","5925.7","0","0","6.00","206","35","216","7290","1","0","8","0","7756","0-7","TRUE","0 1 2 3","900000","900000","","TRUE","4 5 6 7","400000","400000","1800000","TRUE","0","NONE","36.6","36.6","31.0","35.0","TRUE",""
"C4-L","lenovo_tablet","TBD","AC_CONNECTED","COMPACT","DUTY_CYCLE","60","30","900","10","ON","TBD","OFF","","460","46","true","false","false","1","0","1","63","Charging","2","Good","1","310","31.0","4078000","4.078","TRUE","1428000","1428.000","TRUE","1380000","1380.000","TRUE","1443540","1443540","2946000","2946000","5823.4","0","0","9.21","443","25","242","7032","0","0","3","0","7745","0-7","TRUE","0 1 2 3","2301000","900000","","TRUE","4 5 6 7","400000","400000","1800000","TRUE","0","NONE","41.5","41.5","31.0","35.0","TRUE",""
"C4-L","lenovo_tablet","TBD","AC_CONNECTED","COMPACT","DUTY_CYCLE","60","30","900","10","ON","TBD","OFF","","470","47","true","false","false","1","0","1","63","Charging","2","Good","1","310","31.0","4078000","4.078","TRUE","1317900","1317.900","TRUE","1380000","1380.000","TRUE","1443540","1443540","2946000","2946000","5374.4","0","0","26.85","1581","163","360","5763","1","0","12","0","7880","0-7","TRUE","0 1 2 3","2301000","900000","","TRUE","4 5 6 7","400000","400000","1800000","TRUE","0","NONE","45.2","45.2","31.0","36.0","TRUE",""
"C4-L","lenovo_tablet","TBD","AC_CONNECTED","COMPACT","DUTY_CYCLE","60","30","900","10","ON","TBD","OFF","","480","48","true","false","false","1","0","1","64","Charging","2","Good","1","310","31.0","4091000","4.091","TRUE","1334900","1334.900","TRUE","1410000","1410.000","TRUE","1473000","1473000","2946000","2946000","5461.1","0","0","25.52","1528","78","341","5715","0","0","11","0","7673","0-7","TRUE","0 1 2 3","2301000","900000","","TRUE","4 5 6 7","400000","400000","1800000","TRUE","0","NONE","44.8","44.8","31.0","36.0","TRUE",""
"C4-L","lenovo_tablet","TBD","AC_CONNECTED","COMPACT","DUTY_CYCLE","60","30","900","10","ON","TBD","OFF","","490","49","true","false","false","1","0","1","64","Charging","2","Good","1","310","31.0","4091000","4.091","TRUE","1321100","1321.100","TRUE","1410000","1410.000","TRUE","1473000","1473000","2946000","2946000","5404.6","0","0","26.91","1572","153","358","5685","1","0","10","0","7779","0-7","TRUE","0 1 2 3","2301000","900000","","TRUE","4 5 6 7","501000","400000","1800000","TRUE","0","NONE","45.1","45.1","31.0","36.0","TRUE",""
"C4-L","lenovo_tablet","TBD","AC_CONNECTED","COMPACT","DUTY_CYCLE","60","30","900","10","ON","TBD","OFF","","500","50","true","false","false","1","0","1","64","Charging","2","Good","1","310","31.0","4091000","4.091","TRUE","1342500","1342.500","TRUE","1410000","1410.000","TRUE","1473000","1473000","2946000","2946000","5492.2","0","0","26.57","1608","95","379","5782","0","0","10","0","7874","0-7","TRUE","0 1 2 3","2301000","900000","","TRUE","4 5 6 7","400000","400000","1800000","TRUE","0","NONE","45.9","45.9","31.0","37.0","TRUE",""
"C4-L","lenovo_tablet","TBD","AC_CONNECTED","COMPACT","DUTY_CYCLE","60","30","900","10","ON","TBD","OFF","","510","51","true","false","false","1","0","1","64","Charging","2","Good","1","310","31.0","4091000","4.091","TRUE","1342100","1342.100","TRUE","1410000","1410.000","TRUE","1473000","1473000","2946000","2946000","5490.5","0","0","26.63","1580","127","367","5741","1","0","10","0","7826","0-7","TRUE","0 1 2 3","2301000","900000","","TRUE","4 5 6 7","400000","400000","1800000","TRUE","0","NONE","43.9","43.9","31.0","37.0","TRUE",""
"C4-L","lenovo_tablet","TBD","AC_CONNECTED","COMPACT","DUTY_CYCLE","60","30","900","10","ON","TBD","OFF","","520","52","true","false","false","1","0","1","64","Charging","2","Good","1","310","31.0","4091000","4.091","TRUE","1349400","1349.400","TRUE","1410000","1410.000","TRUE","1473000","1473000","2946000","2946000","5520.4","0","0","24.69","1426","125","407","6007","1","0","12","0","7978","0-7","TRUE","0 1 2 3","900000","900000","","TRUE","4 5 6 7","643000","400000","1800000","TRUE","0","NONE","39.8","39.8","31.0","37.0","TRUE",""
"C4-L","lenovo_tablet","TBD","AC_CONNECTED","COMPACT","DUTY_CYCLE","60","30","900","10","ON","TBD","OFF","","530","53","true","false","false","1","0","1","64","Charging","2","Good","1","310","31.0","4110000","4.110","TRUE","1442100","1442.100","TRUE","1410000","1410.000","TRUE","1473000","1473000","2946000","2946000","5927.0","0","0","6.78","281","19","264","7814","0","0","4","0","8382","0-7","TRUE","0 1 2 3","900000","900000","","TRUE","4 5 6 7","400000","400000","1800000","TRUE","0","NONE","37.3","37.3","31.0","36.0","TRUE",""
"C4-L","lenovo_tablet","TBD","AC_CONNECTED","COMPACT","DUTY_CYCLE","60","30","900","10","ON","TBD","OFF","","540","54","true","false","false","1","0","1","64","Charging","2","Good","1","310","31.0","4119000","4.119","TRUE","1432400","1432.400","TRUE","1362000","1362.000","TRUE","1473000","1473000","2946000","2946000","5900.1","0","0","6.71","251","1","229","6808","1","0","9","0","7299","0-7","TRUE","0 1 2 3","900000","900000","","TRUE","4 5 6 7","400000","400000","1800000","TRUE","0","NONE","36.7","36.7","31.3","35.0","TRUE",""
"C4-L","lenovo_tablet","TBD","AC_CONNECTED","COMPACT","DUTY_CYCLE","60","30","900","10","ON","TBD","OFF","","550","55","true","false","false","1","0","1","64","Charging","2","Good","1","310","31.0","4119000","4.119","TRUE","1430200","1430.200","TRUE","1362000","1362.000","TRUE","1473000","1473000","2946000","2946000","5891.0","0","0","9.72","375","84","272","6864","2","0","8","0","7605","0-7","TRUE","0 1 2 3","2301000","900000","","TRUE","4 5 6 7","1226000","400000","1800000","TRUE","0","NONE","41.3","41.3","31.8","35.0","TRUE",""
"C4-L","lenovo_tablet","TBD","AC_CONNECTED","COMPACT","DUTY_CYCLE","60","30","900","10","ON","TBD","OFF","","560","56","true","false","false","1","0","1","64","Charging","2","Good","1","310","31.0","4119000","4.119","TRUE","1024400","1024.400","TRUE","1362000","1362.000","TRUE","1473000","1473000","2946000","2946000","4219.5","0","0","57.11","2811","611","1054","3186","185","0","13","0","7860","0-7","TRUE","0 1 2 3","2301000","900000","","TRUE","4 5 6 7","1800000","400000","1800000","TRUE","0","NONE","52.1","52.1","31.8","37.0","TRUE",""
"C4-L","lenovo_tablet","TBD","AC_CONNECTED","COMPACT","DUTY_CYCLE","60","30","900","10","ON","TBD","OFF","","570","57","true","false","false","1","0","1","64","Charging","2","Good","1","310","31.0","4119000","4.119","TRUE","1324900","1324.900","TRUE","1362000","1362.000","TRUE","1473000","1473000","2946000","2946000","5457.3","0","0","33.68","1818","248","557","5130","62","0","14","0","7829","0-7","TRUE","0 1 2 3","2301000","900000","","TRUE","4 5 6 7","1050000","400000","1800000","TRUE","0","NONE","47.1","47.1","31.5","38.0","TRUE",""
"C4-L","lenovo_tablet","TBD","AC_CONNECTED","COMPACT","DUTY_CYCLE","60","30","900","10","ON","TBD","OFF","","580","58","true","false","false","1","0","1","64","Charging","2","Good","1","310","31.0","4119000","4.119","TRUE","1317000","1317.000","TRUE","1362000","1362.000","TRUE","1473000","1473000","2946000","2946000","5424.7","0","0","32.52","1673","230","576","5141","37","0","16","0","7673","0-7","TRUE","0 1 2 3","2301000","900000","","TRUE","4 5 6 7","542000","400000","1800000","TRUE","0","NONE","46.6","46.6","31.3","38.0","TRUE",""
"C4-L","lenovo_tablet","TBD","AC_CONNECTED","COMPACT","DUTY_CYCLE","60","30","900","10","ON","TBD","OFF","","590","59","true","false","false","1","0","1","64","Charging","2","Good","1","310","31.0","4092000","4.092","TRUE","1274200","1274.200","TRUE","1362000","1362.000","TRUE","1473000","1473000","2946000","2946000","5214.0","0","0","30.04","1461","219","468","4972","54","0","10","0","7184","0-7","TRUE","0 1 2 3","2301000","900000","","TRUE","4 5 6 7","745000","400000","1800000","TRUE","0","NONE","48.8","48.8","31.0","37.0","TRUE",""
"C4-L","lenovo_tablet","TBD","AC_CONNECTED","COMPACT","DUTY_CYCLE","60","30","900","10","ON","TBD","OFF","","600","60","true","false","false","1","0","1","65","Charging","2","Good","1","310","31.0","4084000","4.084","TRUE","1226200","1226.200","TRUE","1320000","1320.000","TRUE","1502460","1502460","2946000","2946000","5007.8","0","0","40.73","2575","855","860","6224","41","0","15","0","10570","0-7","TRUE","0 1 2 3","2301000","900000","","TRUE","4 5 6 7","1050000","400000","1800000","TRUE","0","NONE","48.5","48.5","31.0","38.0","TRUE",""
"C4-L","lenovo_tablet","TBD","AC_CONNECTED","COMPACT","DUTY_CYCLE","60","30","900","10","ON","TBD","OFF","","610","61","true","false","false","1","0","1","65","Charging","2","Good","1","310","31.0","4084000","4.084","TRUE","1427600","1427.600","TRUE","1320000","1320.000","TRUE","1502460","1502460","2946000","2946000","5830.3","0","0","38.40","1398","504","573","3957","25","0","7","0","6464","0-7","TRUE","0 1 2 3","1218000","900000","","TRUE","4 5 6 7","948000","400000","1800000","TRUE","0","NONE","43.0","43.0","31.0","38.0","TRUE",""
"C4-L","lenovo_tablet","TBD","AC_CONNECTED","COMPACT","DUTY_CYCLE","60","30","900","10","ON","TBD","OFF","","620","62","true","false","false","1","0","1","65","Charging","2","Good","1","310","31.0","4084000","4.084","TRUE","1461600","1461.600","TRUE","1320000","1320.000","TRUE","1502460","1502460","2946000","2946000","5969.2","0","0","9.52","275","209","314","7659","7","0","9","0","8473","0-7","TRUE","0 1 2 3","900000","900000","","TRUE","4 5 6 7","400000","400000","1800000","TRUE","0","NONE","38.3","38.3","31.3","37.0","TRUE",""
"C4-L","lenovo_tablet","TBD","AC_CONNECTED","COMPACT","DUTY_CYCLE","60","30","900","10","ON","TBD","OFF","","630","63","true","false","false","1","0","1","65","Charging","2","Good","1","310","31.0","4084000","4.084","TRUE","1437700","1437.700","TRUE","1320000","1320.000","TRUE","1502460","1502460","2946000","2946000","5871.6","0","0","6.47","236","14","245","7226","1","0","5","0","7727","0-7","TRUE","0 1 2 3","900000","900000","","TRUE","4 5 6 7","400000","400000","1800000","TRUE","0","NONE","37.5","37.5","31.8","36.0","TRUE",""
"C4-L","lenovo_tablet","TBD","AC_CONNECTED","COMPACT","DUTY_CYCLE","60","30","900","10","ON","TBD","OFF","","640","64","true","false","false","1","0","1","65","Charging","2","Good","1","320","32.0","4119000","4.119","TRUE","1414400","1414.400","TRUE","1320000","1320.000","TRUE","1502460","1502460","2946000","2946000","5825.9","0","0","17.28","884","158","429","7068","22","0","10","0","8571","0-7","TRUE","0 1 2 3","2301000","900000","","TRUE","4 5 6 7","501000","400000","1800000","TRUE","0","NONE","42.1","42.1","31.8","36.0","TRUE",""
"C4-L","lenovo_tablet","TBD","AC_CONNECTED","COMPACT","DUTY_CYCLE","60","30","900","10","ON","TBD","OFF","","650","65","true","false","false","1","0","1","65","Charging","2","Good","1","320","32.0","4119000","4.119","TRUE","1343100","1343.100","TRUE","1320000","1320.000","TRUE","1502460","1502460","2946000","2946000","5532.2","0","0","27.00","1376","101","352","4962","3","0","7","0","6801","0-7","TRUE","0 1 2 3","2301000","900000","","TRUE","4 5 6 7","400000","400000","1800000","TRUE","0","NONE","45.0","45.0","31.8","36.0","TRUE",""
"C4-L","lenovo_tablet","TBD","AC_CONNECTED","COMPACT","DUTY_CYCLE","60","30","900","10","ON","TBD","OFF","","660","66","true","false","false","1","0","1","65","Charging","2","Good","1","320","32.0","4096000","4.096","TRUE","1324200","1324.200","TRUE","1374000","1374.000","TRUE","1502460","1502460","2946000","2946000","5423.9","0","0","26.65","1514","89","357","5418","1","0","9","0","7388","0-7","TRUE","0 1 2 3","2301000","900000","","TRUE","4 5 6 7","400000","400000","1800000","TRUE","0","NONE","45.6","45.6","32.0","37.0","TRUE",""
"C4-L","lenovo_tablet","TBD","AC_CONNECTED","COMPACT","DUTY_CYCLE","60","30","900","10","ON","TBD","OFF","","670","67","true","false","false","1","0","1","65","Charging","2","Good","1","320","32.0","4096000","4.096","TRUE","1337400","1337.400","TRUE","1374000","1374.000","TRUE","1502460","1502460","2946000","2946000","5478.0","0","0","25.90","1890","174","396","7056","1","0","7","0","9524","0-7","TRUE","0 1 2 3","2301000","900000","","TRUE","4 5 6 7","400000","400000","1800000","TRUE","0","NONE","45.4","45.4","32.0","37.0","TRUE",""
"C4-L","lenovo_tablet","TBD","AC_CONNECTED","COMPACT","DUTY_CYCLE","60","30","900","10","ON","TBD","OFF","","680","68","true","false","false","1","0","1","65","Charging","2","Good","1","320","32.0","4096000","4.096","TRUE","1302200","1302.200","TRUE","1374000","1374.000","TRUE","1502460","1502460","2946000","2946000","5333.8","0","0","26.77","1577","146","360","5728","1","0","11","0","7823","0-7","TRUE","0 1 2 3","2301000","900000","","TRUE","4 5 6 7","400000","400000","1800000","TRUE","0","NONE","46.0","46.0","32.0","37.0","TRUE",""
"C4-L","lenovo_tablet","TBD","AC_CONNECTED","COMPACT","DUTY_CYCLE","60","30","900","10","ON","TBD","OFF","","690","69","true","false","false","1","0","1","65","Charging","2","Good","1","320","32.0","4096000","4.096","TRUE","1318300","1318.300","TRUE","1374000","1374.000","TRUE","1502460","1502460","2946000","2946000","5399.8","0","0","26.56","1206","62","292","4342","0","0","10","0","5912","0-7","TRUE","0 1 2 3","2301000","900000","","TRUE","4 5 6 7","400000","400000","1800000","TRUE","0","NONE","45.7","45.7","32.0","37.0","TRUE",""
"C4-L","lenovo_tablet","TBD","AC_CONNECTED","COMPACT","DUTY_CYCLE","60","30","900","10","ON","TBD","OFF","","700","70","true","false","false","1","0","1","65","Charging","2","Good","1","320","32.0","4108000","4.108","TRUE","1317000","1317.000","TRUE","1374000","1374.000","TRUE","1502460","1502460","2946000","2946000","5410.2","0","0","26.01","1419","141","387","5574","1","0","13","0","7535","0-7","TRUE","0 1 2 3","900000","900000","","TRUE","4 5 6 7","400000","400000","1800000","TRUE","0","NONE","41.0","41.0","31.8","37.0","TRUE",""
"C4-L","lenovo_tablet","TBD","AC_CONNECTED","COMPACT","DUTY_CYCLE","60","30","900","10","ON","TBD","OFF","","710","71","true","false","false","1","0","1","65","Charging","2","Good","1","320","32.0","4108000","4.108","TRUE","1423600","1423.600","TRUE","1374000","1374.000","TRUE","1502460","1502460","2946000","2946000","5848.1","0","0","6.07","273","10","267","8647","3","0","9","0","9209","0-7","TRUE","0 1 2 3","900000","900000","","TRUE","4 5 6 7","400000","400000","1800000","TRUE","0","NONE","37.6","37.6","31.8","37.0","TRUE",""
"C4-L","lenovo_tablet","TBD","AC_CONNECTED","COMPACT","DUTY_CYCLE","60","30","900","10","ON","TBD","OFF","","720","72","true","false","false","1","0","1","67","Charging","2","Good","1","320","32.0","4122000","4.122","TRUE","1431100","1431.100","TRUE","1356000","1356.000","TRUE","1531920","1531920","2946000","2946000","5899.0","0","0","5.20","289","1","273","10351","1","0","5","0","10920","0-7","TRUE","0 1 2 3","900000","900000","","TRUE","4 5 6 7","400000","400000","1800000","TRUE","0","NONE","36.9","36.9","32.0","36.0","TRUE",""
"C4-L","lenovo_tablet","TBD","AC_CONNECTED","COMPACT","DUTY_CYCLE","60","30","900","10","ON","TBD","OFF","","731","73","true","false","false","1","0","1","67","Charging","2","Good","1","320","32.0","4122000","4.122","TRUE","1302900","1302.900","TRUE","1356000","1356.000","TRUE","1531920","1531920","2946000","2946000","5370.6","0","0","20.57","718","78","331","4346","29","0","6","0","5508","0-7","TRUE","0 1 2 3","2301000","900000","","TRUE","4 5 6 7","643000","400000","1800000","TRUE","0","NONE","44.1","44.1","32.0","36.0","TRUE",""
"C4-L","lenovo_tablet","TBD","AC_CONNECTED","COMPACT","DUTY_CYCLE","60","30","900","10","ON","TBD","OFF","","740","74","true","false","false","1","0","1","67","Charging","2","Good","1","320","32.0","4122000","4.122","TRUE","1339000","1339.000","TRUE","1356000","1356.000","TRUE","1531920","1531920","2946000","2946000","5519.4","0","0","26.69","1311","94","329","4782","1","0","7","0","6524","0-7","TRUE","0 1 2 3","2301000","900000","","TRUE","4 5 6 7","400000","400000","1800000","TRUE","0","NONE","45.0","45.0","32.0","36.0","TRUE",""
"C4-L","lenovo_tablet","TBD","AC_CONNECTED","COMPACT","DUTY_CYCLE","60","30","900","10","ON","TBD","OFF","","750","75","true","false","false","1","0","1","67","Charging","2","Good","1","320","32.0","4112000","4.112","TRUE","1333300","1333.300","TRUE","1356000","1356.000","TRUE","1531920","1531920","2946000","2946000","5482.5","0","0","24.61","2173","134","456","8489","3","0","9","0","11264","0-7","TRUE","0 1 2 3","2301000","900000","","TRUE","4 5 6 7","400000","400000","1800000","TRUE","0","NONE","45.6","45.6","32.0","37.0","TRUE",""
"C4-L","lenovo_tablet","TBD","AC_CONNECTED","COMPACT","DUTY_CYCLE","60","30","900","10","ON","TBD","OFF","","763","76","true","false","false","1","0","1","67","Charging","2","Good","1","320","32.0","4112000","4.112","TRUE","1332400","1332.400","TRUE","1356000","1356.000","TRUE","1531920","1531920","2946000","2946000","5478.8","0","0","26.27","2118","287","444","8023","2","0","11","0","10885","0-7","TRUE","0 1 2 3","2301000","900000","","TRUE","4 5 6 7","400000","400000","1800000","TRUE","0","NONE","45.9","45.9","32.0","37.0","TRUE",""
"C4-L","lenovo_tablet","TBD","AC_CONNECTED","COMPACT","DUTY_CYCLE","60","30","900","10","ON","TBD","OFF","","778","77","true","false","false","1","0","1","67","Charging","2","Good","1","320","32.0","4106000","4.106","TRUE","1298800","1298.800","TRUE","1362000","1362.000","TRUE","1531920","1531920","2946000","2946000","5332.9","0","0","25.20","2193","186","431","8365","1","0","9","0","11185","0-7","TRUE","0 1 2 3","2301000","900000","","TRUE","4 5 6 7","501000","400000","1800000","TRUE","0","NONE","46.5","46.5","32.0","37.0","TRUE",""
"C4-L","lenovo_tablet","TBD","AC_CONNECTED","COMPACT","DUTY_CYCLE","60","30","900","10","ON","TBD","OFF","","793","78","true","false","false","1","0","1","67","Charging","2","Good","1","320","32.0","4106000","4.106","TRUE","1419200","1419.200","TRUE","1362000","1362.000","TRUE","1531920","1531920","2946000","2946000","5827.2","0","0","12.33","1053","79","395","10904","7","0","7","0","12445","0-7","TRUE","0 1 2 3","900000","900000","","TRUE","4 5 6 7","400000","400000","1800000","TRUE","0","NONE","37.6","37.6","32.0","37.0","TRUE",""
"C4-L","lenovo_tablet","TBD","AC_CONNECTED","COMPACT","DUTY_CYCLE","60","30","900","10","ON","TBD","OFF","","808","79","true","false","false","1","0","1","67","Charging","2","Good","1","320","32.0","4128000","4.128","TRUE","1427600","1427.600","TRUE","1362000","1362.000","TRUE","1531920","1531920","2946000","2946000","5893.1","0","0","5.12","300","22","279","11250","1","0","6","0","11858","0-7","TRUE","0 1 2 3","900000","900000","","TRUE","4 5 6 7","1579000","400000","1800000","TRUE","0","NONE","36.9","36.9","32.0","36.0","TRUE",""
"C4-L","lenovo_tablet","TBD","AC_CONNECTED","COMPACT","DUTY_CYCLE","60","30","900","10","ON","TBD","OFF","","824","80","true","false","false","1","0","1","67","Charging","2","Good","1","320","32.0","4128000","4.128","TRUE","1325800","1325.800","TRUE","1362000","1362.000","TRUE","1531920","1531920","2946000","2946000","5472.9","0","0","17.85","1532","110","359","9236","1","0","6","0","11244","0-7","TRUE","0 1 2 3","2301000","900000","","TRUE","4 5 6 7","400000","400000","1800000","TRUE","0","NONE","44.5","44.5","32.0","36.0","TRUE",""
"C4-L","lenovo_tablet","TBD","AC_CONNECTED","COMPACT","DUTY_CYCLE","60","30","900","10","ON","TBD","OFF","","838","81","true","false","false","1","0","1","68","Charging","2","Good","1","320","32.0","4118000","4.118","TRUE","1341200","1341.200","TRUE","1380000","1380.000","TRUE","1561380","1561380","2946000","2946000","5523.1","0","0","24.65","2305","158","452","8932","3","0","8","0","11858","0-7","TRUE","0 1 2 3","2301000","900000","","TRUE","4 5 6 7","400000","400000","1800000","TRUE","0","NONE","45.1","45.1","32.0","37.0","TRUE",""
"C4-L","lenovo_tablet","TBD","AC_CONNECTED","COMPACT","DUTY_CYCLE","60","30","900","10","ON","TBD","OFF","","851","82","true","false","false","1","0","1","68","Charging","2","Good","1","320","32.0","4118000","4.118","TRUE","1331500","1331.500","TRUE","1380000","1380.000","TRUE","1561380","1561380","2946000","2946000","5483.1","0","0","26.87","1408","120","329","5072","1","0","7","0","6937","0-7","TRUE","0 1 2 3","2301000","900000","","TRUE","4 5 6 7","643000","400000","1800000","TRUE","0","NONE","46.5","46.5","32.0","37.0","TRUE",""
"C4-L","lenovo_tablet","TBD","AC_CONNECTED","COMPACT","DUTY_CYCLE","60","30","900","10","ON","TBD","OFF","","858","83","true","false","false","1","0","1","68","Charging","2","Good","1","320","32.0","4118000","4.118","TRUE","1288700","1288.700","TRUE","1380000","1380.000","TRUE","1561380","1561380","2946000","2946000","5306.9","0","0","31.85","921","120","293","2866","3","0","7","0","4210","0-7","TRUE","0 1 2 3","2301000","900000","","TRUE","4 5 6 7","400000","400000","1800000","TRUE","0","NONE","46.6","46.6","32.0","37.0","TRUE",""
"C4-L","lenovo_tablet","TBD","AC_CONNECTED","COMPACT","DUTY_CYCLE","60","30","900","10","ON","TBD","OFF","","863","84","true","false","false","1","0","1","68","Charging","2","Good","1","320","32.0","4118000","4.118","TRUE","1294100","1294.100","TRUE","1380000","1380.000","TRUE","1561380","1561380","2946000","2946000","5329.1","0","0","32.20","872","66","277","2581","1","0","11","0","3808","0-7","TRUE","0 1 2 3","2301000","900000","","TRUE","4 5 6 7","400000","400000","1800000","TRUE","0","NONE","47.1","47.1","32.0","37.0","TRUE",""
"C4-L","lenovo_tablet","TBD","AC_CONNECTED","COMPACT","DUTY_CYCLE","60","30","900","10","ON","TBD","OFF","","868","85","true","false","false","1","0","1","68","Charging","2","Good","1","320","32.0","4122000","4.122","TRUE","1308500","1308.500","TRUE","1380000","1380.000","TRUE","1561380","1561380","2946000","2946000","5393.6","0","0","30.02","1034","68","289","3262","1","0","9","0","4663","0-7","TRUE","0 1 2 3","2301000","900000","","TRUE","4 5 6 7","400000","400000","1800000","TRUE","0","NONE","46.0","46.0","32.0","37.0","TRUE",""
"C4-L","lenovo_tablet","TBD","AC_CONNECTED","COMPACT","DUTY_CYCLE","60","30","900","10","ON","TBD","OFF","","876","86","true","false","false","1","0","1","68","Charging","2","Good","1","320","32.0","4122000","4.122","TRUE","1314500","1314.500","TRUE","1380000","1380.000","TRUE","1561380","1561380","2946000","2946000","5418.4","0","0","25.94","1453","95","322","5363","1","0","9","0","7243","0-7","TRUE","0 1 2 3","900000","900000","","TRUE","4 5 6 7","400000","400000","1800000","TRUE","0","NONE","46.0","46.0","32.0","37.0","TRUE",""
"C4-L","lenovo_tablet","TBD","AC_CONNECTED","COMPACT","DUTY_CYCLE","60","30","900","10","ON","TBD","OFF","","884","87","true","false","false","1","0","1","68","Charging","2","Good","1","320","32.0","4122000","4.122","TRUE","1412200","1412.200","TRUE","1380000","1380.000","TRUE","1561380","1561380","2946000","2946000","5821.1","0","0","11.06","377","3","252","5155","0","0","9","0","5796","0-7","TRUE","0 1 2 3","900000","900000","","TRUE","4 5 6 7","400000","400000","1800000","TRUE","0","NONE","39.0","39.0","32.0","37.0","TRUE",""
"C4-L","lenovo_tablet","TBD","AC_CONNECTED","COMPACT","DUTY_CYCLE","60","30","900","10","ON","TBD","OFF","","892","88","true","false","false","1","0","1","68","Charging","2","Good","1","320","32.0","4131000","4.131","TRUE","1410400","1410.400","TRUE","1332000","1332.000","TRUE","1561380","1561380","2946000","2946000","5826.4","0","0","8.42","232","2","230","5089","0","0","4","0","5557","0-7","TRUE","0 1 2 3","900000","900000","","TRUE","4 5 6 7","400000","400000","1800000","TRUE","0","NONE","37.7","37.7","32.0","37.0","TRUE",""
"C4-L","lenovo_tablet","TBD","AC_CONNECTED","COMPACT","DUTY_CYCLE","60","30","900","10","ON","TBD","OFF","","899","89","true","false","false","1","0","1","68","Charging","2","Good","1","320","32.0","4131000","4.131","TRUE","1398700","1398.700","TRUE","1332000","1332.000","TRUE","1561380","1561380","2946000","2946000","5778.0","0","0","7.94","195","9","222","5032","1","0","8","0","5467","0-7","TRUE","0 1 2 3","900000","900000","","TRUE","4 5 6 7","1800000","400000","1800000","TRUE","0","NONE","37.3","37.3","32.0","36.0","TRUE",""
