"relative_path","size_bytes","sha256"
"app/build.gradle.kts","1593","AE65F59F752DA7C9B67DFC1519182ED3E03DFA35C6D07FF649DBE604E58B7525"
"app/gradle.properties","1120","CF774135F23CD1E6C054168CE772E24140800347F95B29819744C96F97E4EF26"
"app/gradlew","8728","3238AFB2AED5CB16EB7D6718077E7138059108F007B54179E9CC157C5A6E0E89"
"app/gradlew.bat","2937","1D297E00BD21DE3ACE22B4D7F2DE1F9DFA858883D66BBF7C1CCBECCCEC8F4F3B"
"app/README.md","1810","5763DE4E9E6A02AB81D1014603E60A0BB89F1CFBE0118C8673DABB30EC3DB38E"
"app/root-build.gradle.kts","218","BE7DBFA1841B18B020F744E203B995D3DAC5709C2A6B8E310FBCFAED0364919A"
"app/settings.gradle.kts","621","FC8423220840827CC45A2B73430A245E19A62C2FEF33D02398D13E4F571EDB4A"
"app/src/main/java/com/example/fmclpilot/MainActivity.kt","17396","9C63F7B469D8361741EFBC6F35A887CB120192F2C6AF0145FF84EF903182DDCB"
"data/processed/Table3_condition_level_summary.csv","497","5CB3951614AAD8B1BAFBF7D22A177EB4B68A6F2B98A41DFBB55782E4A06A90D4"
"data/processed/Table3_telemetry_file_completeness.csv","2053","88DCFC47F4E08ABAF6C6C481E37C4E5EC97BDFA72C652C44BD42C1545B47B29C"
"data/processed/Table4_condition_level_summary.csv","639","A520061B12800D05D8986ECAB804808045D59FCC851270BDA30F3C5B18270019"
"data/processed/Table5_run_level_outcomes.csv","12775","6143A93B6BA467FAD3F10B421C0079A64E693D2DFF480C7339B2BAB4CA8FB198"
"data/processed/Table6_paired_contrasts.csv","7362","731043298E4B3BFABA0803E3116D16B8CDF33298A7B87DEF36E5D38C547CB349"
"data/processed/Table7_duty_cycle_phases.csv","3569","8CD6FB5A63C8C2890BF2C347BA3C3EDE0FBA246D07C6FFCE810D33E8DAD8C8A0"
"data/processed/TableS10_device_run_temperature_audit.csv","3390","A18CCBDC6F3EB52E6AB111AA3726FF140FF120FE1153C16F37196B04189F6DCD"
"data/raw/lenovo_tablet/lenovo_tablet_C0_telemetry.csv","48867","71F66FCA5D4BC3F4C540B04A795072D4109793129724E99D51A0EB7408EBAF94"
"data/raw/lenovo_tablet/lenovo_tablet_C1_telemetry.csv","48681","5D03572FE408B4AB4D825950BD2D9C1DADA9E7DB87AFE4A10D2864332E9635FC"
"data/raw/lenovo_tablet/lenovo_tablet_C2-H_telemetry.csv","43398","B8FBDBC2FC371FD3A465FDA7F7B4CA1F84647D59F1F7092FA64810F9D64014DE"
"data/raw/lenovo_tablet/lenovo_tablet_C2-L_telemetry.csv","50081","91A5AD31D8326EABACAA15C7E996125241CC6CA89C1F7689F49F536A6DED4184"
"data/raw/lenovo_tablet/lenovo_tablet_C3-H_telemetry.csv","49929","3B795E2123503B79548DE44845128A9F971839F9E1AB4253AC5A11BC3CED9244"
"data/raw/lenovo_tablet/lenovo_tablet_C3-L_telemetry.csv","50299","22CBDAD47A8FFF1458272AB660BC384B0A70195B7A094534285AF0C962B9E639"
"data/raw/lenovo_tablet/lenovo_tablet_C4-H_telemetry.csv","49884","7E2347F1DB9819D2FEDE501F5C87466281F19C4787BC2B6677FEDEC478520173"
"data/raw/lenovo_tablet/lenovo_tablet_C4-L_telemetry.csv","50219","F7D4BAE47BE5C106A6364C73BA306E3C3688C702C8F7F7A196702D282763834D"
"data/raw/lenovo_tablet/lenovo_tablet_C5-H_telemetry.csv","50022","06DBA8EB3349294A10F3A3A86C7BFD1A4B5C0554B8CA106D9E2C8CF7F8A0F277"
"data/raw/lenovo_tablet/lenovo_tablet_C5-L_telemetry.csv","50367","D5C7633E525C3CBBA8CC7EB7F125F565D88D747C1B3941623A558D258399B6AA"
"data/raw/manifest.csv","17470","37ACB4EE7CBFBB38538C015D17226CA388C5F89601477666FE0E7C580FEE25AA"
"data/raw/motorola_device/motorola_device_C0_telemetry.csv","47183","DC791580C5C0B4B5DC99BC423CAEBE34A085484C7CF98834D38FCA30C9B963C3"
"data/raw/motorola_device/motorola_device_C1_telemetry.csv","47888","C220D54F2EF623FCD25982AB98637E978E36B11129BDD94611239C5BFF823BF8"
"data/raw/motorola_device/motorola_device_C2-H_telemetry.csv","48818","872D2184DDD0224E9C37173F12EF8021BC22F9E3423B32D952849E186EDFDC88"
"data/raw/motorola_device/motorola_device_C2-L_telemetry.csv","49176","F432913DEAC4AFCAAC076D839AA268C41ECCC76973FB6EB45E72353EE1BBEB08"
"data/raw/motorola_device/motorola_device_C3-H_telemetry.csv","48084","FC797276DCB99B68E0AED60DBF4A85C248C6614D724F68054E0E663EB1E2585C"
"data/raw/motorola_device/motorola_device_C3-L_telemetry.csv","48379","BE3299B30B784ED345FD4202F50115B613E1F84A5887D78CFF934F5DC42FF479"
"data/raw/motorola_device/motorola_device_C4-H_telemetry.csv","48899","8BA91ACF123621BA7BC54EA59FFEDCE98835F627BE9E4A276FAB8F6B14C3F846"
"data/raw/motorola_device/motorola_device_C4-L_telemetry.csv","49288","96827E81BD6F3BD497B33B88745A92290A72218C4373646563A7F429EA71C4A1"
"data/raw/motorola_device/motorola_device_C5-H_telemetry.csv","48125","8E11E349F26A5525A3996BDC42A242166A8E15B7E1C55AE0C8E86B2648C3976E"
"data/raw/motorola_device/motorola_device_C5-L_telemetry.csv","48401","746C38E8B3841FBC435F707ACD9F282387C1B4CA0A76163C525300FD1FCE3C5E"
"data/raw/oppo_a78_5g/oppo_a78_5g_C0_telemetry.csv","42698","20BDF1FB4C781E15FEC3C4BDEC950F2C2E9CCFEE8C782328F8AF2822970CD541"
"data/raw/oppo_a78_5g/oppo_a78_5g_C1_telemetry.csv","43802","3BAE8B19E1589507466E663AD31453DBFEE428330A0F9834C97B45A9F08F4DD4"
"data/raw/oppo_a78_5g/oppo_a78_5g_C2-H_telemetry.csv","44738","CDC2F563FDACFECCF9798B7579105545C248A3E39D8BE18ADFBB88533BB274B9"
"data/raw/oppo_a78_5g/oppo_a78_5g_C2-L_telemetry.csv","45043","CFB4D8E9037FC6DC2271CA98CD0AAA32EFB9935AF2F1F10477398845219CD3BF"
"data/raw/oppo_a78_5g/oppo_a78_5g_C3-H_telemetry.csv","43665","9900DE82820DDC38D72F242AED9A340516B4F388216AF91E6325BF5DEFAD2737"
"data/raw/oppo_a78_5g/oppo_a78_5g_C3-L_telemetry.csv","43964","3D9CF234077186E25F30D861329B3274ECE0850054971D822B1AFC1EA52E70D6"
"data/raw/oppo_a78_5g/oppo_a78_5g_C4-H_telemetry.csv","44883","48C8C9B0DA8D0AABE4B996A10A560AD4328F6D748CA9E554D86432D7C618E6DE"
"data/raw/oppo_a78_5g/oppo_a78_5g_C4-L_telemetry.csv","45194","11811535C08B1CB9A177BA6FA4594A60A55D95D3C5AF5D704C555DF919325E5F"
"data/raw/oppo_a78_5g/oppo_a78_5g_C5-H_telemetry.csv","43795","D28E64677D2BC463004113892DBEC8840C3D57B7766263DCC410F4D2EE780C80"
"data/raw/oppo_a78_5g/oppo_a78_5g_C5-L_telemetry.csv","44087","0B2FB3A88275ED98FEADCF95C31EE461AABB6D23BD8DFF92DCB977AC21799CC7"
"data/raw/README.md","1857","40942836D581F49AC09402629140DB3DBE81258743EB2024AB3942E19545386F"
"data/README.md","2678","EE4A5C9E31AFD39003D63F29FF29E627D513151CB233F2E61549FDCFC651DD1C"
"protocol/condition_matrix.csv","662","586C3B6DB36E3D4C01BB9E1C2BA3B3CBA9A4EB61E8C6394FAA35EF1CEFF8C627"
"protocol/experimental_protocol.md","4018","C64B3CC62B9C7CCC100DCCDA3A92F7754200A280CFD860D4B0896E1E02DE20DA"
"protocol/telemetry_schema.md","3918","4C423C322D4A46F407E14FBD98AD44805EA5DBFF77F8B5FCB6253CFBB62DFD21"
"protocol/workload_specification.md","3424","B8855717739A2E6CD56CF35EDEE53199C1B3D6515E168DDDB34AEED101C2A91A"
"README.md","2531","67520C5696B7567464DB9DC4E13721638FB745297F5E33384F67F8FFDD049DE8"
"reproducibility/analysis_definitions.md","3722","29BBE2881A9E3F7F78417443C02FCF41CEFCDCBC58649FD6994ACF5ED3B129A3"
"reproducibility/environment.yml","150","F0369E13000DB2DB442DCA9C2AF76B5F34E9FE6C9632E0CE8D4E155B946E9537"
"reproducibility/event_log_policy.md","2077","0D4F469F998113F348FFEC1A07613019FA34E59C4492AD10C2282D9AAEC70349"
"reproducibility/expected_outputs.md","2069","F1D12376D8063DF899DC56959244EB080721AEFB593988FB2A7D31BF30E5BB95"
"reproducibility/README.md","3734","FBDF4D3F14B33EFE6BE22C7863920D08A9C6AFE0731474DD9C6CDC283116C65C"
"reproducibility/reproduce_all.ps1","5410","B7E525D32450141DBF69A1452C9067A05EC7B434487E53C8A2C2502AB29836A0"
"reproducibility/source_provenance.md","2283","7A0AE94D80A6FA07F380B2CA83FD8D87753A8AE6A9707B7DC62D6BB816F77E70"
"results/figures/Figure1_all_devices_battery_temperature_trajectories.pdf","49307","5A52113F173633FA117B43786957AF051F82F41428400CA9087CE86057631488"
"results/figures/Figure1_all_devices_battery_temperature_trajectories.png","865544","C0D775BCCD75D087F7E2DBAC0609CC845A9E0FF017970C8644199DEC199AC36F"
"results/figures/Figure2_run_level_outcomes.pdf","44111","486654E163AF7DEBBAF448DA4B9A2C44C282DBC138454827900BB14E5429029F"
"results/figures/Figure2_run_level_outcomes.png","743663","EE53753172F960ED7219C5DCD20E6AB60B74CF7A98D5B384492AE928E5F8CD59"
"results/figures/Figure3_duty_cycle_phase_effects.pdf","37557","2F15F22281931B2254A1545AA04740DF3722B424E3D0E28A774001A4A8451361"
"results/figures/Figure3_duty_cycle_phase_effects.png","505195","6864433EA38EEE04B1DBF38BC2109F0EF48E821327B27F864CF07B9EB0C59A31"
"results/figures/Figure4_telemetry_coverage.pdf","21029","73FBAA0A08293B52935EA9DF1D3B5391702AA074D23AF160037CE3B6A1F431EB"
"results/figures/Figure4_telemetry_coverage.png","198771","2CA7B48F36F32C9D535F7C4607D72B6811E3F49E2BA9AE8DE0B23E8581722D28"
"results/figures/Figure4_telemetry_coverage_values.csv","2548","35F2C82015438A7A9C65D28E5311D37AB68E2D5CFD62947DC61419F3FDFFBBAD"
"results/manuscript/manuscript-README.md","1218","A0B45DC02E055D35035AEF8D032A42CFDF2148C410ABA5A786B050C90C1478BE"
"results/README.md","1860","3B981AB7B2F05055C4948B9C0E89C7F9558DB41340CBD5DBD104945EEC00B082"
"results/tables/Table3_condition_level_temperature_summary.md","932","37AFE2E706A539723767D9D861F801FD8A1C6C47F2A32FC2505F23EA4FDCD96E"
"results/tables/Table5_run_level_telemetry_outcomes.md","3184","37657A699653A0DC93AE884FE0A231A4FA1D8CFAF50DEFD003CB0C0F354B0EF9"
"results/tables/Table6_paired_power_contrasts.md","2105","A954DA3D6351591967EE4D5173A823A104012ECFB035E6E6D5EF254BD085E7B5"
"results/tables/Table7_duty_cycle_active_pause_outcomes.md","1602","A2E54A2612752398B6F0DA2EB4468AEB43602EFC92DD5BA3F9566034F5FD54F7"
"scripts/audit_pilot_study_consistency.py","20403","0648F5EEFA0E761F42C6567541F53D906382E803F52F3A41D0340CE0A5BFBFB9"
"scripts/make_figure1_all_devices_temperature.py","8053","268314D78EC47CB299B32B4F26559886964D52E4F0C5479B8526645DEE38BB19"
"scripts/make_figure2_run_level_outcomes.py","9882","54996CE4CFB3100993C1FC94591862D65A47517ED7756082391DD10A9806AB55"
"scripts/make_figure3_duty_cycle_phase_effects.py","7917","CD4B758460D2B23702BC72C3CDABC0631020A3AAACA4496940EDC6A72D0E3087"
"scripts/make_figure4_data_coverage.py","12972","F70D7290D12F63CA7161C5D3F87FAABB1A328FD19256BEAE3046968454CFBDA7"
"scripts/README.md","2270","23F909CF5D1F31D83AFB0100AD154D606285FC9C0DDDA940C69CAFBE52AA2DA7"
"scripts/rebuild_table3_temperature_summary.py","12549","B0784E0BBA512CBABD6D811EFE2C7155E3602F98B59D5C8F355C2915ED702533"
"scripts/requirements.txt","55","1F07C360E0E27BCFA6FA35EE474D17CB57969F9AE5EA011227E9F9BAA858D461"
"scripts/run_final_telemetry.ps1","8507","5CC21A8C1F8CFCE075400113DD5C15FB0C9E033091FC9FA9D7483890C1A684C8"
"scripts/verify_raw_archive.ps1","9941","D153642A851D2C7B6EC2EB2F7B43E0DD5A99D953BDC384D75CD32E1A03E5D825"
