"published_relative_path","device_label","run_id","source_imported_records","valid_telemetry_records","final_elapsed_seconds","source_file_name","source_relative_path","source_sha256","published_sha256","removed_columns","export_utc"
"lenovo_tablet/lenovo_tablet_C0_telemetry.csv","lenovo_tablet","C0","91","90","890","20260925_201654_lenovo_tablet_C0_telemetry.csv","lenovo_tablet\20260925_201654_lenovo_tablet_C0_telemetry.csv","E5432B30D01CFF38D7BF9B61ED71F29572266880E18BB6A4B8DA51257CA12450","71F66FCA5D4BC3F4C540B04A795072D4109793129724E99D51A0EB7408EBAF94","adb_serial;adb_tcp_port;timestamp_local;build_fingerprint;charger_id;dataset_id;dataset_partition_id;session_date;device_manufacturer;device_model;android_release;script_version;app_version_or_commit;random_seed","2026-09-28T01:50:09Z"
"lenovo_tablet/lenovo_tablet_C1_telemetry.csv","lenovo_tablet","C1","90","90","890","20260925_203923_lenovo_tablet_C1_telemetry.csv","lenovo_tablet\20260925_203923_lenovo_tablet_C1_telemetry.csv","F1D8BB2F063CB4B7F1264C5165886B9CA0FFD284B0A2E0F1834DFA5C505DC072","5D03572FE408B4AB4D825950BD2D9C1DADA9E7DB87AFE4A10D2864332E9635FC","adb_serial;adb_tcp_port;timestamp_local;build_fingerprint;charger_id;dataset_id;dataset_partition_id;session_date;device_manufacturer;device_model;android_release;script_version;app_version_or_commit;random_seed","2026-09-28T01:50:09Z"
"lenovo_tablet/lenovo_tablet_C2-H_telemetry.csv","lenovo_tablet","C2-H","78","78","892","20260925_225700_lenovo_tablet_C2-H_telemetry.csv","lenovo_tablet\20260925_225700_lenovo_tablet_C2-H_telemetry.csv","D6663BA537BBF48BF7ACB57AC07123684C1372CC395A47BC75E7F9FAAE19A269","B8FBDBC2FC371FD3A465FDA7F7B4CA1F84647D59F1F7092FA64810F9D64014DE","adb_serial;adb_tcp_port;timestamp_local;build_fingerprint;charger_id;dataset_id;dataset_partition_id;session_date;device_manufacturer;device_model;android_release;script_version;app_version_or_commit;random_seed","2026-09-28T01:50:09Z"
"lenovo_tablet/lenovo_tablet_C2-L_telemetry.csv","lenovo_tablet","C2-L","90","90","890","20260925_222749_lenovo_tablet_C2-L_telemetry.csv","lenovo_tablet\20260925_222749_lenovo_tablet_C2-L_telemetry.csv","EFBACA1045AEDE462AB5E4739B42BEC40B226060DE4856BA87D02CD8D7A9BBBC","91A5AD31D8326EABACAA15C7E996125241CC6CA89C1F7689F49F536A6DED4184","adb_serial;adb_tcp_port;timestamp_local;build_fingerprint;charger_id;dataset_id;dataset_partition_id;session_date;device_manufacturer;device_model;android_release;script_version;app_version_or_commit;random_seed","2026-09-28T01:50:09Z"
"lenovo_tablet/lenovo_tablet_C3-H_telemetry.csv","lenovo_tablet","C3-H","90","90","890","20260925_233209_lenovo_tablet_C3-H_telemetry.csv","lenovo_tablet\20260925_233209_lenovo_tablet_C3-H_telemetry.csv","161FA727B49A2FBEF2C4BC0580CD7E6A3458EEABF0148CEB7681CA0CEE499452","3B795E2123503B79548DE44845128A9F971839F9E1AB4253AC5A11BC3CED9244","adb_serial;adb_tcp_port;timestamp_local;build_fingerprint;charger_id;dataset_id;dataset_partition_id;session_date;device_manufacturer;device_model;android_release;script_version;app_version_or_commit;random_seed","2026-09-28T01:50:09Z"
"lenovo_tablet/lenovo_tablet_C3-L_telemetry.csv","lenovo_tablet","C3-L","90","90","898","20260925_231506_lenovo_tablet_C3-L_telemetry.csv","lenovo_tablet\20260925_231506_lenovo_tablet_C3-L_telemetry.csv","9BCDCDE792F62BD622ED9EC2E86CEEAF3F1920F353749ECE038318DB41EFD45E","22CBDAD47A8FFF1458272AB660BC384B0A70195B7A094534285AF0C962B9E639","adb_serial;adb_tcp_port;timestamp_local;build_fingerprint;charger_id;dataset_id;dataset_partition_id;session_date;device_manufacturer;device_model;android_release;script_version;app_version_or_commit;random_seed","2026-09-28T01:50:10Z"
"lenovo_tablet/lenovo_tablet_C4-H_telemetry.csv","lenovo_tablet","C4-H","90","90","890","20260926_001723_lenovo_tablet_C4-H_telemetry.csv","lenovo_tablet\20260926_001723_lenovo_tablet_C4-H_telemetry.csv","C8467F5A5CB6FDBB54CC44B55E5413676530715F4DD8E91C286D775B4D78A2CA","7E2347F1DB9819D2FEDE501F5C87466281F19C4787BC2B6677FEDEC478520173","adb_serial;adb_tcp_port;timestamp_local;build_fingerprint;charger_id;dataset_id;dataset_partition_id;session_date;device_manufacturer;device_model;android_release;script_version;app_version_or_commit;random_seed","2026-09-28T01:50:10Z"
"lenovo_tablet/lenovo_tablet_C4-L_telemetry.csv","lenovo_tablet","C4-L","90","90","899","20260926_000110_lenovo_tablet_C4-L_telemetry.csv","lenovo_tablet\20260926_000110_lenovo_tablet_C4-L_telemetry.csv","93EAC16B6639321ADCCEC5A0233286E4B48A1197A237DE8FE98C19C414D4C744","F7D4BAE47BE5C106A6364C73BA306E3C3688C702C8F7F7A196702D282763834D","adb_serial;adb_tcp_port;timestamp_local;build_fingerprint;charger_id;dataset_id;dataset_partition_id;session_date;device_manufacturer;device_model;android_release;script_version;app_version_or_commit;random_seed","2026-09-28T01:50:10Z"
"lenovo_tablet/lenovo_tablet_C5-H_telemetry.csv","lenovo_tablet","C5-H","90","90","890","20260926_005612_lenovo_tablet_C5-H_telemetry.csv","lenovo_tablet\20260926_005612_lenovo_tablet_C5-H_telemetry.csv","6CACD7EAE2F926B83CCA9C4034509777833390394DC4FBC0FD61A7AF53B4DA9E","06DBA8EB3349294A10F3A3A86C7BFD1A4B5C0554B8CA106D9E2C8CF7F8A0F277","adb_serial;adb_tcp_port;timestamp_local;build_fingerprint;charger_id;dataset_id;dataset_partition_id;session_date;device_manufacturer;device_model;android_release;script_version;app_version_or_commit;random_seed","2026-09-28T01:50:10Z"
"lenovo_tablet/lenovo_tablet_C5-L_telemetry.csv","lenovo_tablet","C5-L","90","90","890","20260926_004011_lenovo_tablet_C5-L_telemetry.csv","lenovo_tablet\20260926_004011_lenovo_tablet_C5-L_telemetry.csv","7970F863BBBDB909E4EB377F68C43CE21E4D679EBF4F9B4DCAC41C68EC9C8C0D","D5C7633E525C3CBBA8CC7EB7F125F565D88D747C1B3941623A558D258399B6AA","adb_serial;adb_tcp_port;timestamp_local;build_fingerprint;charger_id;dataset_id;dataset_partition_id;session_date;device_manufacturer;device_model;android_release;script_version;app_version_or_commit;random_seed","2026-09-28T01:50:10Z"
"motorola_device/motorola_device_C0_telemetry.csv","motorola_device","C0","90","90","890","20260926_173519_motorola_device_C0_telemetry.csv","motorola_device\20260926_173519_motorola_device_C0_telemetry.csv","AFDAEBC8B144C13A65367E2A1037C54D8E0E00680E48E5CFF8571668575C7E36","DC791580C5C0B4B5DC99BC423CAEBE34A085484C7CF98834D38FCA30C9B963C3","adb_serial;adb_tcp_port;timestamp_local;build_fingerprint;charger_id;dataset_id;dataset_partition_id;session_date;device_manufacturer;device_model;android_release;script_version;app_version_or_commit;random_seed","2026-09-28T01:50:10Z"
"motorola_device/motorola_device_C1_telemetry.csv","motorola_device","C1","90","90","890","20260926_175152_motorola_device_C1_telemetry.csv","motorola_device\20260926_175152_motorola_device_C1_telemetry.csv","4B54AAFA7660047A70438CFFFDF99B2B74F88955307C50E991179B584BDDB2A0","C220D54F2EF623FCD25982AB98637E978E36B11129BDD94611239C5BFF823BF8","adb_serial;adb_tcp_port;timestamp_local;build_fingerprint;charger_id;dataset_id;dataset_partition_id;session_date;device_manufacturer;device_model;android_release;script_version;app_version_or_commit;random_seed","2026-09-28T01:50:10Z"
"motorola_device/motorola_device_C2-H_telemetry.csv","motorola_device","C2-H","90","90","890","20260926_182333_motorola_device_C2-H_telemetry.csv","motorola_device\20260926_182333_motorola_device_C2-H_telemetry.csv","1632326181212FC99E0B8D1BF198BEBA449934E3375AF916E1F48FB67961071B","872D2184DDD0224E9C37173F12EF8021BC22F9E3423B32D952849E186EDFDC88","adb_serial;adb_tcp_port;timestamp_local;build_fingerprint;charger_id;dataset_id;dataset_partition_id;session_date;device_manufacturer;device_model;android_release;script_version;app_version_or_commit;random_seed","2026-09-28T01:50:10Z"
"motorola_device/motorola_device_C2-L_telemetry.csv","motorola_device","C2-L","90","90","890","20260926_180756_motorola_device_C2-L_telemetry.csv","motorola_device\20260926_180756_motorola_device_C2-L_telemetry.csv","960B910A29032F918045CBC0127416300ADA365B749597194CB208C3D4CA5517","F432913DEAC4AFCAAC076D839AA268C41ECCC76973FB6EB45E72353EE1BBEB08","adb_serial;adb_tcp_port;timestamp_local;build_fingerprint;charger_id;dataset_id;dataset_partition_id;session_date;device_manufacturer;device_model;android_release;script_version;app_version_or_commit;random_seed","2026-09-28T01:50:10Z"
"motorola_device/motorola_device_C3-H_telemetry.csv","motorola_device","C3-H","90","90","890","20260926_185620_motorola_device_C3-H_telemetry.csv","motorola_device\20260926_185620_motorola_device_C3-H_telemetry.csv","6991D8B0246727C3C0C4E5DC0EDCE87D076050C98D3E33142A08D4739807624E","FC797276DCB99B68E0AED60DBF4A85C248C6614D724F68054E0E663EB1E2585C","adb_serial;adb_tcp_port;timestamp_local;build_fingerprint;charger_id;dataset_id;dataset_partition_id;session_date;device_manufacturer;device_model;android_release;script_version;app_version_or_commit;random_seed","2026-09-28T01:50:10Z"
"motorola_device/motorola_device_C3-L_telemetry.csv","motorola_device","C3-L","90","90","890","20260926_184035_motorola_device_C3-L_telemetry.csv","motorola_device\20260926_184035_motorola_device_C3-L_telemetry.csv","B8695B480EA7F502884B91608A2AE77643CA4FCB24466A0708C9FEED8E69F25B","BE3299B30B784ED345FD4202F50115B613E1F84A5887D78CFF934F5DC42FF479","adb_serial;adb_tcp_port;timestamp_local;build_fingerprint;charger_id;dataset_id;dataset_partition_id;session_date;device_manufacturer;device_model;android_release;script_version;app_version_or_commit;random_seed","2026-09-28T01:50:10Z"
"motorola_device/motorola_device_C4-H_telemetry.csv","motorola_device","C4-H","90","90","890","20260926_192805_motorola_device_C4-H_telemetry.csv","motorola_device\20260926_192805_motorola_device_C4-H_telemetry.csv","728B53870FCAAD5783ABEDB37378136A8D599B5BEBC3EAE13286D0AE2FAF80A1","8BA91ACF123621BA7BC54EA59FFEDCE98835F627BE9E4A276FAB8F6B14C3F846","adb_serial;adb_tcp_port;timestamp_local;build_fingerprint;charger_id;dataset_id;dataset_partition_id;session_date;device_manufacturer;device_model;android_release;script_version;app_version_or_commit;random_seed","2026-09-28T01:50:10Z"
"motorola_device/motorola_device_C4-L_telemetry.csv","motorola_device","C4-L","90","90","890","20260926_191233_motorola_device_C4-L_telemetry.csv","motorola_device\20260926_191233_motorola_device_C4-L_telemetry.csv","2229ABFB27B741CFADDCE0F21D864B95A19378FA73DBD27D847C5D9C612AAC13","96827E81BD6F3BD497B33B88745A92290A72218C4373646563A7F429EA71C4A1","adb_serial;adb_tcp_port;timestamp_local;build_fingerprint;charger_id;dataset_id;dataset_partition_id;session_date;device_manufacturer;device_model;android_release;script_version;app_version_or_commit;random_seed","2026-09-28T01:50:11Z"
"motorola_device/motorola_device_C5-H_telemetry.csv","motorola_device","C5-H","90","90","890","20260926_200027_motorola_device_C5-H_telemetry.csv","motorola_device\20260926_200027_motorola_device_C5-H_telemetry.csv","22B5777CF05ADBE32485274FF5FE4B464F974DF6D24049F4660BE523CC358C6F","8E11E349F26A5525A3996BDC42A242166A8E15B7E1C55AE0C8E86B2648C3976E","adb_serial;adb_tcp_port;timestamp_local;build_fingerprint;charger_id;dataset_id;dataset_partition_id;session_date;device_manufacturer;device_model;android_release;script_version;app_version_or_commit;random_seed","2026-09-28T01:50:11Z"
"motorola_device/motorola_device_C5-L_telemetry.csv","motorola_device","C5-L","90","90","890","20260926_194428_motorola_device_C5-L_telemetry.csv","motorola_device\20260926_194428_motorola_device_C5-L_telemetry.csv","7016D9B38FF8F832560766F54E0419BF482DC9F93D7EDAA552BF0A1C44966B3C","746C38E8B3841FBC435F707ACD9F282387C1B4CA0A76163C525300FD1FCE3C5E","adb_serial;adb_tcp_port;timestamp_local;build_fingerprint;charger_id;dataset_id;dataset_partition_id;session_date;device_manufacturer;device_model;android_release;script_version;app_version_or_commit;random_seed","2026-09-28T01:50:11Z"
"oppo_a78_5g/oppo_a78_5g_C0_telemetry.csv","oppo_a78_5g","C0","90","90","890","20260926_135551_oppo_a78_5g_C0_telemetry.csv","oppo_a78_5g\20260926_135551_oppo_a78_5g_C0_telemetry.csv","A38039309086DD50E25D88926E8E79C95CD662928519D3F5F053C23496D869EF","20BDF1FB4C781E15FEC3C4BDEC950F2C2E9CCFEE8C782328F8AF2822970CD541","adb_serial;adb_tcp_port;timestamp_local;build_fingerprint;charger_id;dataset_id;dataset_partition_id;session_date;device_manufacturer;device_model;android_release;script_version;app_version_or_commit;random_seed","2026-09-28T01:50:11Z"
"oppo_a78_5g/oppo_a78_5g_C1_telemetry.csv","oppo_a78_5g","C1","90","90","890","20260926_142609_oppo_a78_5g_C1_telemetry.csv","oppo_a78_5g\20260926_142609_oppo_a78_5g_C1_telemetry.csv","BAC276F92C3E748FF572E3CC0EEA55128B4B79A9BC806E57DE5A31F5C28D2AEE","3BAE8B19E1589507466E663AD31453DBFEE428330A0F9834C97B45A9F08F4DD4","adb_serial;adb_tcp_port;timestamp_local;build_fingerprint;charger_id;dataset_id;dataset_partition_id;session_date;device_manufacturer;device_model;android_release;script_version;app_version_or_commit;random_seed","2026-09-28T01:50:11Z"
"oppo_a78_5g/oppo_a78_5g_C2-H_telemetry.csv","oppo_a78_5g","C2-H","90","90","890","20260926_152412_oppo_a78_5g_C2-H_telemetry.csv","oppo_a78_5g\20260926_152412_oppo_a78_5g_C2-H_telemetry.csv","A7F1777F9CD52E1865CB07074AE8B4C2C9F2F04D1535E5FAA94DF00191C8561A","CDC2F563FDACFECCF9798B7579105545C248A3E39D8BE18ADFBB88533BB274B9","adb_serial;adb_tcp_port;timestamp_local;build_fingerprint;charger_id;dataset_id;dataset_partition_id;session_date;device_manufacturer;device_model;android_release;script_version;app_version_or_commit;random_seed","2026-09-28T01:50:11Z"
"oppo_a78_5g/oppo_a78_5g_C2-L_telemetry.csv","oppo_a78_5g","C2-L","90","90","890","20260926_145755_oppo_a78_5g_C2-L_telemetry.csv","oppo_a78_5g\20260926_145755_oppo_a78_5g_C2-L_telemetry.csv","CE184DAFA1B51E3F91866BEA3603A7A678EAD0F65CABBA48E0D613ED12E2E1F4","CFB4D8E9037FC6DC2271CA98CD0AAA32EFB9935AF2F1F10477398845219CD3BF","adb_serial;adb_tcp_port;timestamp_local;build_fingerprint;charger_id;dataset_id;dataset_partition_id;session_date;device_manufacturer;device_model;android_release;script_version;app_version_or_commit;random_seed","2026-09-28T01:50:11Z"
"oppo_a78_5g/oppo_a78_5g_C3-H_telemetry.csv","oppo_a78_5g","C3-H","90","90","890","20260926_155912_oppo_a78_5g_C3-H_telemetry.csv","oppo_a78_5g\20260926_155912_oppo_a78_5g_C3-H_telemetry.csv","99D7A96DA4972248D172BB31F31A897C7C6ECB65ABFF9EC001624993FD127001","9900DE82820DDC38D72F242AED9A340516B4F388216AF91E6325BF5DEFAD2737","adb_serial;adb_tcp_port;timestamp_local;build_fingerprint;charger_id;dataset_id;dataset_partition_id;session_date;device_manufacturer;device_model;android_release;script_version;app_version_or_commit;random_seed","2026-09-28T01:50:11Z"
"oppo_a78_5g/oppo_a78_5g_C3-L_telemetry.csv","oppo_a78_5g","C3-L","90","90","890","20260926_154335_oppo_a78_5g_C3-L_telemetry.csv","oppo_a78_5g\20260926_154335_oppo_a78_5g_C3-L_telemetry.csv","562966CA013AA3B997ED3DF1BF533ECBC1ADEDC9E50B3519B669CAF5B705BBF7","3D9CF234077186E25F30D861329B3274ECE0850054971D822B1AFC1EA52E70D6","adb_serial;adb_tcp_port;timestamp_local;build_fingerprint;charger_id;dataset_id;dataset_partition_id;session_date;device_manufacturer;device_model;android_release;script_version;app_version_or_commit;random_seed","2026-09-28T01:50:11Z"
"oppo_a78_5g/oppo_a78_5g_C4-H_telemetry.csv","oppo_a78_5g","C4-H","90","90","890","20260926_163224_oppo_a78_5g_C4-H_telemetry.csv","oppo_a78_5g\20260926_163224_oppo_a78_5g_C4-H_telemetry.csv","F391B068A09BA17388B4FA0E40D906469ED183568C5B3002E1CD55A5E55AF419","48C8C9B0DA8D0AABE4B996A10A560AD4328F6D748CA9E554D86432D7C618E6DE","adb_serial;adb_tcp_port;timestamp_local;build_fingerprint;charger_id;dataset_id;dataset_partition_id;session_date;device_manufacturer;device_model;android_release;script_version;app_version_or_commit;random_seed","2026-09-28T01:50:11Z"
"oppo_a78_5g/oppo_a78_5g_C4-L_telemetry.csv","oppo_a78_5g","C4-L","90","90","890","20260926_161500_oppo_a78_5g_C4-L_telemetry.csv","oppo_a78_5g\20260926_161500_oppo_a78_5g_C4-L_telemetry.csv","CB5B81C0B50971B1FB492B37501F35AE67476B4DBDF5E56E5CEBDB1C8B98F477","11811535C08B1CB9A177BA6FA4594A60A55D95D3C5AF5D704C555DF919325E5F","adb_serial;adb_tcp_port;timestamp_local;build_fingerprint;charger_id;dataset_id;dataset_partition_id;session_date;device_manufacturer;device_model;android_release;script_version;app_version_or_commit;random_seed","2026-09-28T01:50:11Z"
"oppo_a78_5g/oppo_a78_5g_C5-H_telemetry.csv","oppo_a78_5g","C5-H","90","90","890","20260926_170539_oppo_a78_5g_C5-H_telemetry.csv","oppo_a78_5g\20260926_170539_oppo_a78_5g_C5-H_telemetry.csv","77304C52676C2717B3C52E7E5CDEA4CCACBD4E767A847DF982D90E5A5C751CD8","D28E64677D2BC463004113892DBEC8840C3D57B7766263DCC410F4D2EE780C80","adb_serial;adb_tcp_port;timestamp_local;build_fingerprint;charger_id;dataset_id;dataset_partition_id;session_date;device_manufacturer;device_model;android_release;script_version;app_version_or_commit;random_seed","2026-09-28T01:50:11Z"
"oppo_a78_5g/oppo_a78_5g_C5-L_telemetry.csv","oppo_a78_5g","C5-L","90","90","890","20260926_165006_oppo_a78_5g_C5-L_telemetry.csv","oppo_a78_5g\20260926_165006_oppo_a78_5g_C5-L_telemetry.csv","B117B41D86E1DE4284CF44C6BC6E025A96AED428C6AAD95A6766A98C5028F913","0B2FB3A88275ED98FEADCF95C31EE461AABB6D23BD8DFF92DCB977AC21799CC7","adb_serial;adb_tcp_port;timestamp_local;build_fingerprint;charger_id;dataset_id;dataset_partition_id;session_date;device_manufacturer;device_model;android_release;script_version;app_version_or_commit;random_seed","2026-09-28T01:50:11Z"
