device_label,run_id,source_file,observed_elapsed_seconds,valid_telemetry_records
oppo_a78_5g,C0,data/raw/oppo_a78_5g/oppo_a78_5g_C0_telemetry.csv,890,90
lenovo_tablet,C0,data/raw/lenovo_tablet/lenovo_tablet_C0_telemetry.csv,890,90
motorola_device,C0,data/raw/motorola_device/motorola_device_C0_telemetry.csv,890,90
oppo_a78_5g,C1,data/raw/oppo_a78_5g/oppo_a78_5g_C1_telemetry.csv,890,90
lenovo_tablet,C1,data/raw/lenovo_tablet/lenovo_tablet_C1_telemetry.csv,890,90
motorola_device,C1,data/raw/motorola_device/motorola_device_C1_telemetry.csv,890,90
oppo_a78_5g,C2-L,data/raw/oppo_a78_5g/oppo_a78_5g_C2-L_telemetry.csv,890,90
lenovo_tablet,C2-L,data/raw/lenovo_tablet/lenovo_tablet_C2-L_telemetry.csv,890,90
motorola_device,C2-L,data/raw/motorola_device/motorola_device_C2-L_telemetry.csv,890,90
oppo_a78_5g,C2-H,data/raw/oppo_a78_5g/oppo_a78_5g_C2-H_telemetry.csv,890,90
lenovo_tablet,C2-H,data/raw/lenovo_tablet/lenovo_tablet_C2-H_telemetry.csv,892,78
motorola_device,C2-H,data/raw/motorola_device/motorola_device_C2-H_telemetry.csv,890,90
oppo_a78_5g,C3-L,data/raw/oppo_a78_5g/oppo_a78_5g_C3-L_telemetry.csv,890,90
lenovo_tablet,C3-L,data/raw/lenovo_tablet/lenovo_tablet_C3-L_telemetry.csv,898,90
motorola_device,C3-L,data/raw/motorola_device/motorola_device_C3-L_telemetry.csv,890,90
oppo_a78_5g,C3-H,data/raw/oppo_a78_5g/oppo_a78_5g_C3-H_telemetry.csv,890,90
lenovo_tablet,C3-H,data/raw/lenovo_tablet/lenovo_tablet_C3-H_telemetry.csv,890,90
motorola_device,C3-H,data/raw/motorola_device/motorola_device_C3-H_telemetry.csv,890,90
oppo_a78_5g,C4-L,data/raw/oppo_a78_5g/oppo_a78_5g_C4-L_telemetry.csv,890,90
lenovo_tablet,C4-L,data/raw/lenovo_tablet/lenovo_tablet_C4-L_telemetry.csv,899,90
motorola_device,C4-L,data/raw/motorola_device/motorola_device_C4-L_telemetry.csv,890,90
oppo_a78_5g,C4-H,data/raw/oppo_a78_5g/oppo_a78_5g_C4-H_telemetry.csv,890,90
lenovo_tablet,C4-H,data/raw/lenovo_tablet/lenovo_tablet_C4-H_telemetry.csv,890,90
motorola_device,C4-H,data/raw/motorola_device/motorola_device_C4-H_telemetry.csv,890,90
oppo_a78_5g,C5-L,data/raw/oppo_a78_5g/oppo_a78_5g_C5-L_telemetry.csv,890,90
lenovo_tablet,C5-L,data/raw/lenovo_tablet/lenovo_tablet_C5-L_telemetry.csv,890,90
motorola_device,C5-L,data/raw/motorola_device/motorola_device_C5-L_telemetry.csv,890,90
oppo_a78_5g,C5-H,data/raw/oppo_a78_5g/oppo_a78_5g_C5-H_telemetry.csv,890,90
lenovo_tablet,C5-H,data/raw/lenovo_tablet/lenovo_tablet_C5-H_telemetry.csv,890,90
motorola_device,C5-H,data/raw/motorola_device/motorola_device_C5-H_telemetry.csv,890,90
