"device_label","run_id","power_state","workload","policy","source_file","n_samples","start_elapsed_s","end_elapsed_s","mean_battery_power_mw","median_battery_power_mw","mean_battery_current_ma","median_battery_current_ma","mean_battery_voltage_v","battery_level_start_percent","battery_level_end_percent","battery_level_delta_percentage_points","charge_counter_start_uah","charge_counter_end_uah","charge_counter_delta_uah","mean_battery_temperature_c","max_battery_temperature_c","battery_temperature_start_c","battery_temperature_end_c","battery_temperature_delta_c","mean_cpu_busy_percent","mean_thermal_cpu_c","max_thermal_cpu_c","mean_thermal_gpu_c","max_thermal_gpu_c","mean_thermal_skin_c","max_thermal_skin_c"
"lenovo_tablet","C0","UNPLUGGED","NONE","IDLE","C:\Users\Dell\OneDrive\Desktop\FMCL_Pilot2\logs\telemetry\lenovo_tablet\20260925_201654_lenovo_tablet_C0_telemetry.csv","84","60","890","-2029.78571428571","-2029.9","-547.503571428571","-547.8","3.70733333333333","46","42","-4","1060560","972180","-88380","28","28","28","28","0","5.51797619047619","31.5809523809524","33.5","31.5809523809524","33.5","29.8928571428571","30"
"lenovo_tablet","C1","AC_CONNECTED","NONE","IDLE","C:\Users\Dell\OneDrive\Desktop\FMCL_Pilot2\logs\telemetry\lenovo_tablet\20260925_203923_lenovo_tablet_C1_telemetry.csv","84","60","890","5934.64523809524","5943.6","1459.26785714286","1462.35","4.06691666666667","42","52","10","972180","1207860","235680","30.0119047619048","31","29","31","2","5.67392857142857","33.6511904761905","36","33.6511904761905","36","32.6190476190476","33"
"lenovo_tablet","C2-L","AC_CONNECTED","COMPACT","CONTINUOUS","C:\Users\Dell\OneDrive\Desktop\FMCL_Pilot2\logs\telemetry\lenovo_tablet\20260925_222749_lenovo_tablet_C2-L_telemetry.csv","84","60","890","5300.03214285714","5354.05","1318.14047619048","1329.9","4.02079761904762","40","49","9","913260","1119480","206220","29.6071428571429","31","29","31","2","26.1092857142857","44.2916666666667","48.4","44.2916666666667","48.4","35.5357142857143","37"
"lenovo_tablet","C2-H","AC_CONNECTED","HIGH","CONTINUOUS","C:\Users\Dell\OneDrive\Desktop\FMCL_Pilot2\logs\telemetry\lenovo_tablet\20260925_225700_lenovo_tablet_C2-H_telemetry.csv","71","60","879","5445.34225352112","5534.3","1329.67746478873","1349.7","4.09535211267606","55","64","9","1266780","1473000","206220","31.2253521126761","32","31","32","1","20.647323943662","45.1450704225352","60.1","45.1450704225352","60.1","36.5774647887324","38"
"lenovo_tablet","C3-L","UNPLUGGED","COMPACT","CONTINUOUS","C:\Users\Dell\OneDrive\Desktop\FMCL_Pilot2\logs\telemetry\lenovo_tablet\20260925_231506_lenovo_tablet_C3-L_telemetry.csv","83","60","890","-2595.62168674699","-2559.4","-690.610843373494","-679.8","3.75873493975903","67","63","-4","1531920","1443540","-88380","30.1084337349398","31","31","30","-1","25.6481927710843","44.9265060240964","46.1","44.9265060240964","46.1","35.5180722891566","36"
"lenovo_tablet","C3-H","UNPLUGGED","HIGH","CONTINUOUS","C:\Users\Dell\OneDrive\Desktop\FMCL_Pilot2\logs\telemetry\lenovo_tablet\20260925_233209_lenovo_tablet_C3-H_telemetry.csv","84","65","890","-2489.45357142857","-2480.7","-668.717857142857","-667.3","3.7227619047619","61","58","-3","1414080","1325700","-88380","30","30","30","30","0","19.3270238095238","42.9333333333333","43.9","42.9333333333333","43.9","34","34"
"lenovo_tablet","C4-L","AC_CONNECTED","COMPACT","DUTY_CYCLE","C:\Users\Dell\OneDrive\Desktop\FMCL_Pilot2\logs\telemetry\lenovo_tablet\20260926_000110_lenovo_tablet_C4-L_telemetry.csv","82","60","884","5555.65975609756","5493.45","1358.01707317073","1342.3","4.09125609756098","59","68","9","1355160","1561380","206220","31.2926829268293","32","31","32","1","21.495243902439","42.5731707317073","52.1","42.5731707317073","52.1","36.1463414634146","38"
"lenovo_tablet","C4-H","AC_CONNECTED","HIGH","DUTY_CYCLE","C:\Users\Dell\OneDrive\Desktop\FMCL_Pilot2\logs\telemetry\lenovo_tablet\20260926_001723_lenovo_tablet_C4-H_telemetry.csv","84","60","890","5081.42738095238","5101.1","1228.22142857143","1232.3","4.13742857142857","69","78","9","1590840","1797060","206220","32","32","32","32","0","20.3347619047619","43.4654761904762","62.2","43.4654761904762","62.2","36.8214285714286","40"
"lenovo_tablet","C5-L","UNPLUGGED","COMPACT","DUTY_CYCLE","C:\Users\Dell\OneDrive\Desktop\FMCL_Pilot2\logs\telemetry\lenovo_tablet\20260926_004011_lenovo_tablet_C5-L_telemetry.csv","84","60","890","-2385.61428571429","-2482.95","-625.629761904762","-649.2","3.81327380952381","78","74","-4","1797060","1708680","-88380","30.0952380952381","31","31","30","-1","19.0947619047619","41.0059523809524","46.9","41.0059523809524","46.9","34.1666666666667","35"
"lenovo_tablet","C5-H","UNPLUGGED","HIGH","DUTY_CYCLE","C:\Users\Dell\OneDrive\Desktop\FMCL_Pilot2\logs\telemetry\lenovo_tablet\20260926_005612_lenovo_tablet_C5-H_telemetry.csv","84","60","890","-2332.67976190476","-2438.45","-617.680952380952","-647","3.77658333333333","74","70","-4","1708680","1620300","-88380","29.7261904761905","30","30","29","-1","15.1720238095238","39.6583333333333","43.1","39.6583333333333","43.1","33.4166666666667","35"
"motorola_device","C0","UNPLUGGED","NONE","IDLE","C:\Users\Dell\OneDrive\Desktop\FMCL_Pilot2\logs\telemetry\motorola_device\20260926_173519_motorola_device_C0_telemetry.csv","84","60","890","-1319.70833333333","-1233.75","-351.119047619048","-328","3.75911904761905","26","24","-2","1193000","1102000","-91000","31.297619047619","32","32","31","-1","10.8020238095238",,,,,,
"motorola_device","C1","AC_CONNECTED","NONE","IDLE","C:\Users\Dell\OneDrive\Desktop\FMCL_Pilot2\logs\telemetry\motorola_device\20260926_175152_motorola_device_C1_telemetry.csv","84","60","890","3144.55714285714","3231.3","821.666666666667","844","3.82640476190476","24","28","4","1115000","1296000","181000","30.9404761904762","31","31","30","-1","10.9423809523809",,,,,,
"motorola_device","C2-L","AC_CONNECTED","COMPACT","CONTINUOUS","C:\Users\Dell\OneDrive\Desktop\FMCL_Pilot2\logs\telemetry\motorola_device\20260926_180756_motorola_device_C2-L_telemetry.csv","84","60","890","1332.5119047619","1642.45","348.107142857143","429.5","3.82249999999999","28","30","2","1319000","1393000","74000","33.6428571428571","35","31","35","4","31.3764285714286",,,,,,
"motorola_device","C2-H","AC_CONNECTED","HIGH","CONTINUOUS","C:\Users\Dell\OneDrive\Desktop\FMCL_Pilot2\logs\telemetry\motorola_device\20260926_182333_motorola_device_C2-H_telemetry.csv","84","60","890","1958.07380952381","1983.1","510.369047619048","516.5","3.83638095238095","30","32","2","1410000","1518000","108000","35","35","35","35","0","18.4090476190476",,,,,,
"motorola_device","C3-L","UNPLUGGED","COMPACT","CONTINUOUS","C:\Users\Dell\OneDrive\Desktop\FMCL_Pilot2\logs\telemetry\motorola_device\20260926_184035_motorola_device_C3-L_telemetry.csv","84","60","890","-2881.25238095238","-2841.4","-763.261904761905","-753","3.77522619047619","32","28","-4","1504000","1317000","-187000","34.5595238095238","35","34","35","1","25.2167857142857",,,,,,
"motorola_device","C3-H","UNPLUGGED","HIGH","CONTINUOUS","C:\Users\Dell\OneDrive\Desktop\FMCL_Pilot2\logs\telemetry\motorola_device\20260926_185620_motorola_device_C3-H_telemetry.csv","84","60","890","-2660.45952380952","-2605.3","-708.821428571429","-693.5","3.75338095238095","28","24","-4","1301000","1123000","-178000","34.1428571428571","35","35","33","-2","19.4859523809524",,,,,,
"motorola_device","C4-L","AC_CONNECTED","COMPACT","DUTY_CYCLE","C:\Users\Dell\OneDrive\Desktop\FMCL_Pilot2\logs\telemetry\motorola_device\20260926_191233_motorola_device_C4-L_telemetry.csv","84","60","890","7402.76071428571","8609.15","1902.66666666667","2213","3.8859880952381","25","34","9","1153000","1591000","438000","34.4761904761905","35","33","35","2","18.6154761904762",,,,,,
"motorola_device","C4-H","AC_CONNECTED","HIGH","DUTY_CYCLE","C:\Users\Dell\OneDrive\Desktop\FMCL_Pilot2\logs\telemetry\motorola_device\20260926_192805_motorola_device_C4-H_telemetry.csv","84","60","890","5117.94404761905","3860.9","1309.13095238095","991","3.90120238095238","35","41","6","1647000","1944000","297000","35.25","36","35","36","1","13.9077380952381",,,,,,
"motorola_device","C5-L","UNPLUGGED","COMPACT","DUTY_CYCLE","C:\Users\Dell\OneDrive\Desktop\FMCL_Pilot2\logs\telemetry\motorola_device\20260926_194428_motorola_device_C5-L_telemetry.csv","84","60","890","-2213.52023809524","-2774.3","-578.535714285714","-725","3.82922619047619","42","39","-3","1981000","1840000","-141000","35","35","35","35","0","18.2796428571429",,,,,,
"motorola_device","C5-H","UNPLUGGED","HIGH","DUTY_CYCLE","C:\Users\Dell\OneDrive\Desktop\FMCL_Pilot2\logs\telemetry\motorola_device\20260926_200027_motorola_device_C5-H_telemetry.csv","84","60","890","-2005.18214285714","-2324.4","-526.619047619048","-610.5","3.81009523809524","38","36","-2","1824000","1693000","-131000","34.4642857142857","35","35","34","-1","14.1126190476191",,,,,,
"oppo_a78_5g","C0","UNPLUGGED","NONE","IDLE","C:\Users\Dell\OneDrive\Desktop\FMCL_Pilot2\logs\telemetry\oppo_a78_5g\20260926_135551_oppo_a78_5g_C0_telemetry.csv","84","60","890","1.44886995238095","1.421231","0.390404761904762","0.382","3.71086904761905","26","24","-2","1508000","1354000","-154000","32.7119047619048","32.8","32.6","32.7","0.100000000000001","14.1620238095238",,,,,,
"oppo_a78_5g","C1","AC_CONNECTED","NONE","IDLE","C:\Users\Dell\OneDrive\Desktop\FMCL_Pilot2\logs\telemetry\oppo_a78_5g\20260926_142609_oppo_a78_5g_C1_telemetry.csv","84","60","890","-6.5165025952381","-6.551316","-1.62772619047619","-1.636","4.00341666666667","33","42","9","1853000","2433000","580000","37.1","37.8","36.2","37.8","1.59999999999999","15.2685714285714",,,,,,
"oppo_a78_5g","C2-L","AC_CONNECTED","COMPACT","CONTINUOUS","C:\Users\Dell\OneDrive\Desktop\FMCL_Pilot2\logs\telemetry\oppo_a78_5g\20260926_145755_oppo_a78_5g_C2-L_telemetry.csv","84","60","890","-5.963051","-6.018788","-1.45088095238095","-1.4675","4.11010714285714","55","64","9","2981000","3317000","336000","39.1738095238095","40.2","37.8","40.2","2.40000000000001","39.8871428571429",,,,,,
"oppo_a78_5g","C2-H","AC_CONNECTED","HIGH","CONTINUOUS","C:\Users\Dell\OneDrive\Desktop\FMCL_Pilot2\logs\telemetry\oppo_a78_5g\20260926_152412_oppo_a78_5g_C2-H_telemetry.csv","84","60","890","-6.34653791666667","-6.426938","-1.49328571428571","-1.51","4.25029761904762","72","81","9","3677000","4023000","346000","40.2785714285715","40.6","40","40.5","0.5","34.5619047619048",,,,,,
"oppo_a78_5g","C3-L","UNPLUGGED","COMPACT","CONTINUOUS","C:\Users\Dell\OneDrive\Desktop\FMCL_Pilot2\logs\telemetry\oppo_a78_5g\20260926_154335_oppo_a78_5g_C3-L_telemetry.csv","84","60","890","2.21357685714286","2.1673375","0.537738095238095","0.5265","4.11634523809524","84","82","-2","4155000","3956000","-199000","37.4488095238095","39","39","36.5","-2.5","40.4307142857143",,,,,,
"oppo_a78_5g","C3-H","UNPLUGGED","HIGH","CONTINUOUS","C:\Users\Dell\OneDrive\Desktop\FMCL_Pilot2\logs\telemetry\oppo_a78_5g\20260926_155912_oppo_a78_5g_C3-H_telemetry.csv","84","60","890","1.88639211904762","1.7968955","0.462071428571429","0.4395","4.0835","82","80","-2","3930000","3760000","-170000","35.5523809523809","36.2","36.1","35","-1.1","34.4869047619047",,,,,,
"oppo_a78_5g","C4-L","AC_CONNECTED","COMPACT","DUTY_CYCLE","C:\Users\Dell\OneDrive\Desktop\FMCL_Pilot2\logs\telemetry\oppo_a78_5g\20260926_161500_oppo_a78_5g_C4-L_telemetry.csv","84","60","890","-6.02974609523809","-6.1554065","-1.39942857142857","-1.4265","4.30848809523809","80","87","7","3756000","4191000","435000","37.9309523809524","39.1","36.2","39.1","2.9","34.6536904761905",,,,,,
"oppo_a78_5g","C4-H","AC_CONNECTED","HIGH","DUTY_CYCLE","C:\Users\Dell\OneDrive\Desktop\FMCL_Pilot2\logs\telemetry\oppo_a78_5g\20260926_163224_oppo_a78_5g_C4-H_telemetry.csv","84","60","890","-4.68444307142857","-4.627392","-1.06914285714286","-1.056","4.38164285714286","89","95","6","4292000","4584000","292000","38.8904761904762","39.5","39.2","38.2","-1","32.1388095238095",,,,,,
"oppo_a78_5g","C5-L","UNPLUGGED","COMPACT","DUTY_CYCLE","C:\Users\Dell\OneDrive\Desktop\FMCL_Pilot2\logs\telemetry\oppo_a78_5g\20260926_165006_oppo_a78_5g_C5-L_telemetry.csv","84","60","890","2.03363327380952","1.9504545","0.478880952380952","0.4595","4.24713095238095","96","94","-2","4639000","4465000","-174000","36.5404761904762","37.5","37.4","35.7","-1.7","32.7425",,,,,,
"oppo_a78_5g","C5-H","UNPLUGGED","HIGH","DUTY_CYCLE","C:\Users\Dell\OneDrive\Desktop\FMCL_Pilot2\logs\telemetry\oppo_a78_5g\20260926_170539_oppo_a78_5g_C5-H_telemetry.csv","84","60","890","1.75583761904762","1.733237","0.416440476190476","0.4115","4.21671428571429","94","92","-2","4440000","4317000","-123000","34.425","35.3","35.3","33.9","-1.4","29.1248809523809",,,,,,
