device_label,run_id,source_file,valid_temperature_records,observed_elapsed_seconds,min_battery_temperature_c,mean_battery_temperature_c,max_battery_temperature_c
oppo_a78_5g,C0,data/raw/oppo_a78_5g/oppo_a78_5g_C0_telemetry.csv,90,890,32.6,32.705555555555556,32.8
lenovo_tablet,C0,data/raw/lenovo_tablet/lenovo_tablet_C0_telemetry.csv,90,890,28.0,28.0,28.0
motorola_device,C0,data/raw/motorola_device/motorola_device_C0_telemetry.csv,90,890,31.0,31.344444444444445,32.0
oppo_a78_5g,C1,data/raw/oppo_a78_5g/oppo_a78_5g_C1_telemetry.csv,90,890,36.1,37.04,37.8
lenovo_tablet,C1,data/raw/lenovo_tablet/lenovo_tablet_C1_telemetry.csv,90,890,28.0,29.933333333333334,31.0
motorola_device,C1,data/raw/motorola_device/motorola_device_C1_telemetry.csv,90,890,30.0,30.944444444444443,31.0
oppo_a78_5g,C2-L,data/raw/oppo_a78_5g/oppo_a78_5g_C2-L_telemetry.csv,90,890,37.4,39.068888888888885,40.2
lenovo_tablet,C2-L,data/raw/lenovo_tablet/lenovo_tablet_C2-L_telemetry.csv,90,890,29.0,29.566666666666666,31.0
motorola_device,C2-L,data/raw/motorola_device/motorola_device_C2-L_telemetry.csv,90,890,31.0,33.46666666666667,35.0
oppo_a78_5g,C2-H,data/raw/oppo_a78_5g/oppo_a78_5g_C2-H_telemetry.csv,90,890,39.8,40.25111111111111,40.6
lenovo_tablet,C2-H,data/raw/lenovo_tablet/lenovo_tablet_C2-H_telemetry.csv,78,892,31.0,31.21794871794872,32.0
motorola_device,C2-H,data/raw/motorola_device/motorola_device_C2-H_telemetry.csv,90,890,35.0,35.0,35.0
oppo_a78_5g,C3-L,data/raw/oppo_a78_5g/oppo_a78_5g_C3-L_telemetry.csv,90,890,36.4,37.57555555555556,39.6
lenovo_tablet,C3-L,data/raw/lenovo_tablet/lenovo_tablet_C3-L_telemetry.csv,90,898,30.0,30.166666666666668,31.0
motorola_device,C3-L,data/raw/motorola_device/motorola_device_C3-L_telemetry.csv,90,890,34.0,34.55555555555556,35.0
oppo_a78_5g,C3-H,data/raw/oppo_a78_5g/oppo_a78_5g_C3-H_telemetry.csv,90,890,34.9,35.59888888888889,36.4
lenovo_tablet,C3-H,data/raw/lenovo_tablet/lenovo_tablet_C3-H_telemetry.csv,90,890,30.0,30.0,30.0
motorola_device,C3-H,data/raw/motorola_device/motorola_device_C3-H_telemetry.csv,90,890,33.0,34.2,35.0
oppo_a78_5g,C4-L,data/raw/oppo_a78_5g/oppo_a78_5g_C4-L_telemetry.csv,90,890,35.5,37.78777777777778,39.1
lenovo_tablet,C4-L,data/raw/lenovo_tablet/lenovo_tablet_C4-L_telemetry.csv,90,899,30.0,31.27777777777778,32.0
motorola_device,C4-L,data/raw/motorola_device/motorola_device_C4-L_telemetry.csv,90,890,33.0,34.37777777777778,35.0
oppo_a78_5g,C4-H,data/raw/oppo_a78_5g/oppo_a78_5g_C4-H_telemetry.csv,90,890,38.2,38.906666666666666,39.5
lenovo_tablet,C4-H,data/raw/lenovo_tablet/lenovo_tablet_C4-H_telemetry.csv,90,890,32.0,32.0,32.0
motorola_device,C4-H,data/raw/motorola_device/motorola_device_C4-H_telemetry.csv,90,890,35.0,35.233333333333334,36.0
oppo_a78_5g,C5-L,data/raw/oppo_a78_5g/oppo_a78_5g_C5-L_telemetry.csv,90,890,35.7,36.59444444444444,37.5
lenovo_tablet,C5-L,data/raw/lenovo_tablet/lenovo_tablet_C5-L_telemetry.csv,90,890,30.0,30.155555555555555,31.0
motorola_device,C5-L,data/raw/motorola_device/motorola_device_C5-L_telemetry.csv,90,890,35.0,35.01111111111111,36.0
oppo_a78_5g,C5-H,data/raw/oppo_a78_5g/oppo_a78_5g_C5-H_telemetry.csv,90,890,33.9,34.48444444444444,35.4
lenovo_tablet,C5-H,data/raw/lenovo_tablet/lenovo_tablet_C5-H_telemetry.csv,90,890,29.0,29.744444444444444,30.0
motorola_device,C5-H,data/raw/motorola_device/motorola_device_C5-H_telemetry.csv,90,890,34.0,34.5,35.0
