run_id,n_devices,median_mean_battery_power_mw,power_range_mw,median_max_battery_temperature_c,temperature_range_c
C0,3,-1319.7,"-2029.8 to +1.4",32.0,"28.0 to 32.8"
C1,3,3144.6,"-6.5 to +5934.6",31.0,"31.0 to 37.8"
C2-L,3,1332.5,"-6.0 to +5300.0",35.0,"31.0 to 40.2"
C2-H,3,1958.1,"-6.3 to +5445.3",35.0,"32.0 to 40.6"
C3-L,3,-2595.6,"-2881.3 to +2.2",35.0,"31.0 to 39.0"
C3-H,3,-2489.5,"-2660.5 to +1.9",35.0,"30.0 to 36.2"
C4-L,3,5555.7,"-6.0 to +7402.8",35.0,"32.0 to 39.1"
C4-H,3,5081.4,"-4.7 to +5117.9",36.0,"32.0 to 39.5"
C5-L,3,-2005.2,"-2385.6 to +2.0",35.0,"31.0 to 37.5"
C5-H,3,-2332.7,"-2385.6 to +1.8",35.0,"30.0 to 35.3"
