"contrast_id","contrast_description","device_label","condition_a","condition_b","power_difference_mw_a_minus_b","current_difference_ma_a_minus_b","mean_temperature_difference_c_a_minus_b","max_temperature_difference_c_a_minus_b","cpu_busy_difference_percentage_points_a_minus_b"
"C1_minus_C0","AC-connected versus unplugged idle baseline","lenovo_tablet","C1","C0","7964.43095238095","2006.77142857143","2.01190476190476","3","0.15595238095238"
"C1_minus_C0","AC-connected versus unplugged idle baseline","motorola_device","C1","C0","4464.26547619048","1172.78571428571","-0.357142857142858","-1","0.140357142857138"
"C1_minus_C0","AC-connected versus unplugged idle baseline","oppo_a78_5g","C1","C0","-7.96537254761905","-2.01813095238095","4.38809523809523","5","1.10654761904762"
"C2-H_minus_C2-L","High versus Compact, AC-connected continuous","lenovo_tablet","C2-H","C2-L","145.310110663982","11.5369885982559","1.6182092555332","1","-5.46196177062375"
"C2-H_minus_C2-L","High versus Compact, AC-connected continuous","motorola_device","C2-H","C2-L","625.561904761905","162.261904761905","1.35714285714285","0","-12.967380952381"
"C2-H_minus_C2-L","High versus Compact, AC-connected continuous","oppo_a78_5g","C2-H","C2-L","-0.383486916666667","-0.0424047619047627","1.10476190476192","0.399999999999999","-5.32523809523808"
"C2-H_minus_C3-H","AC-connected versus unplugged, High, continuous","lenovo_tablet","C2-H","C3-H","7934.7958249497","1998.39532193159","1.22535211267606","2","1.32030013413817"
"C2-H_minus_C3-H","AC-connected versus unplugged, High, continuous","motorola_device","C2-H","C3-H","4618.53333333333","1219.19047619048","0.857142857142854","0","-1.07690476190477"
"C2-H_minus_C3-H","AC-connected versus unplugged, High, continuous","oppo_a78_5g","C2-H","C3-H","-8.23293003571429","-1.95535714285714","4.72619047619052","4.4","0.0750000000000384"
"C2-L_minus_C3-L","AC-connected versus unplugged, Compact, continuous","lenovo_tablet","C2-L","C3-L","7895.65382960413","2008.75131956397","-0.501290877796901","0","0.461092943201372"
"C2-L_minus_C3-L","AC-connected versus unplugged, Compact, continuous","motorola_device","C2-L","C3-L","4213.76428571428","1111.36904761905","-0.916666666666664","0","6.15964285714286"
"C2-L_minus_C3-L","AC-connected versus unplugged, Compact, continuous","oppo_a78_5g","C2-L","C3-L","-8.17662785714286","-1.98861904761905","1.72500000000001","1.2","-0.543571428571404"
"C3-H_minus_C3-L","High versus Compact, unplugged continuous","lenovo_tablet","C3-H","C3-L","106.168115318416","21.8929862306368","-0.108433734939759","-1","-6.32116896156054"
"C3-H_minus_C3-L","High versus Compact, unplugged continuous","motorola_device","C3-H","C3-L","220.792857142857","54.4404761904763","-0.416666666666664","0","-5.73083333333333"
"C3-H_minus_C3-L","High versus Compact, unplugged continuous","oppo_a78_5g","C3-H","C3-L","-0.327184738095238","-0.0756666666666665","-1.8964285714286","-2.8","-5.94380952380953"
"C4-H_minus_C2-H","Duty cycle versus continuous, High, AC-connected","lenovo_tablet","C4-H","C2-H","-363.914872568744","-101.456036217303","0.774647887323944","0","-0.312562038900069"
"C4-H_minus_C2-H","Duty cycle versus continuous, High, AC-connected","motorola_device","C4-H","C2-H","3159.87023809524","798.761904761905","0.25","1","-4.50130952380952"
"C4-H_minus_C2-H","Duty cycle versus continuous, High, AC-connected","oppo_a78_5g","C4-H","C2-H","1.6620948452381","0.424142857142858","-1.38809523809525","-1.1","-2.42309523809526"
"C4-H_minus_C4-L","High versus Compact, AC-connected duty cycle","lenovo_tablet","C4-H","C4-L","-474.23237514518","-129.795644599303","0.707317073170731","0","-1.16048199767712"
"C4-H_minus_C4-L","High versus Compact, AC-connected duty cycle","motorola_device","C4-H","C4-L","-2284.81666666666","-593.535714285714","0.773809523809526","1","-4.70773809523809"
"C4-H_minus_C4-L","High versus Compact, AC-connected duty cycle","oppo_a78_5g","C4-H","C4-L","1.34530302380952","0.330285714285714","0.959523809523837","0.399999999999999","-2.51488095238095"
"C4-H_minus_C5-H","AC-connected versus unplugged, High, duty cycle","lenovo_tablet","C4-H","C5-H","7414.10714285714","1845.90238095238","2.27380952380953","2","5.16273809523809"
"C4-H_minus_C5-H","AC-connected versus unplugged, High, duty cycle","motorola_device","C4-H","C5-H","7123.12619047619","1835.75","0.785714285714285","1","-0.204880952380956"
"C4-H_minus_C5-H","AC-connected versus unplugged, High, duty cycle","oppo_a78_5g","C4-H","C5-H","-6.44028069047619","-1.48558333333333","4.4654761904762","4.2","3.01392857142858"
"C4-L_minus_C2-L","Duty cycle versus continuous, Compact, AC-connected","lenovo_tablet","C4-L","C2-L","255.627613240417","39.8765969802555","1.68554006968641","1","-4.6140418118467"
"C4-L_minus_C2-L","Duty cycle versus continuous, Compact, AC-connected","motorola_device","C4-L","C2-L","6070.24880952381","1554.55952380952","0.833333333333329","0","-12.7609523809524"
"C4-L_minus_C2-L","Duty cycle versus continuous, Compact, AC-connected","oppo_a78_5g","C4-L","C2-L","-0.0666950952380914","0.051452380952381","-1.24285714285717","-1.1","-5.23345238095239"
"C4-L_minus_C5-L","AC-connected versus unplugged, Compact, duty cycle","lenovo_tablet","C4-L","C5-L","7941.27404181185","1983.64683507549","1.19744483159117","1","2.40048199767712"
"C4-L_minus_C5-L","AC-connected versus unplugged, Compact, duty cycle","motorola_device","C4-L","C5-L","9616.28095238095","2481.20238095238","-0.523809523809526","0","0.335833333333333"
"C4-L_minus_C5-L","AC-connected versus unplugged, Compact, duty cycle","oppo_a78_5g","C4-L","C5-L","-8.06337936904762","-1.87830952380952","1.39047619047619","1.6","1.91119047619049"
"C5-H_minus_C3-H","Duty cycle versus continuous, High, unplugged","lenovo_tablet","C5-H","C3-H","156.77380952381","51.0369047619047","-0.273809523809526","0","-4.15499999999999"
"C5-H_minus_C3-H","Duty cycle versus continuous, High, unplugged","motorola_device","C5-H","C3-H","655.27738095238","182.202380952381","0.321428571428569","0","-5.37333333333334"
"C5-H_minus_C3-H","Duty cycle versus continuous, High, unplugged","oppo_a78_5g","C5-H","C3-H","-0.130554499999999","-0.0456309523809525","-1.12738095238092","-0.900000000000006","-5.3620238095238"
"C5-H_minus_C5-L","High versus Compact, unplugged duty cycle","lenovo_tablet","C5-H","C5-L","52.9345238095239","7.94880952380913","-0.36904761904762","-1","-3.92273809523809"
"C5-H_minus_C5-L","High versus Compact, unplugged duty cycle","motorola_device","C5-H","C5-L","208.338095238094","51.9166666666667","-0.535714285714285","0","-4.1670238095238"
"C5-H_minus_C5-L","High versus Compact, unplugged duty cycle","oppo_a78_5g","C5-H","C5-L","-0.277795654761903","-0.0624404761904762","-2.11547619047617","-2.2","-3.61761904761904"
"C5-L_minus_C3-L","Duty cycle versus continuous, Compact, unplugged","lenovo_tablet","C5-L","C3-L","210.007401032702","64.9810814687323","-0.0131956397016637","0","-6.55343086632245"
"C5-L_minus_C3-L","Duty cycle versus continuous, Compact, unplugged","motorola_device","C5-L","C3-L","667.732142857143","184.72619047619","0.44047619047619","0","-6.93714285714286"
"C5-L_minus_C3-L","Duty cycle versus continuous, Compact, unplugged","oppo_a78_5g","C5-L","C3-L","-0.179943583333333","-0.0588571428571429","-0.908333333333346","-1.5","-7.68821428571429"
