device_label,run_id,power_state,workload,policy,records,observed_elapsed_time_s,file_level_status
Lenovo tablet,C0,UNPLUGGED,NONE,IDLE,91,0-890,Complete
Lenovo tablet,C1,AC_CONNECTED,NONE,IDLE,90,0-890,Complete
Lenovo tablet,C2-L,AC_CONNECTED,COMPACT,CONTINUOUS,90,0-890,Complete
Lenovo tablet,C2-H,AC_CONNECTED,HIGH,CONTINUOUS,78,0-892,Retained; intermittent sampling gaps
Lenovo tablet,C3-L,UNPLUGGED,COMPACT,CONTINUOUS,90,0-898,Complete
Lenovo tablet,C3-H,UNPLUGGED,HIGH,CONTINUOUS,90,0-890,Complete
Lenovo tablet,C4-L,AC_CONNECTED,COMPACT,DUTY_CYCLE,90,0-899,Complete
Lenovo tablet,C4-H,AC_CONNECTED,HIGH,DUTY_CYCLE,90,0-890,Complete
Lenovo tablet,C5-L,UNPLUGGED,COMPACT,DUTY_CYCLE,90,0-890,Complete
Lenovo tablet,C5-H,UNPLUGGED,HIGH,DUTY_CYCLE,90,0-890,Complete
Motorola device,C0,UNPLUGGED,NONE,IDLE,90,0-890,Complete
Motorola device,C1,AC_CONNECTED,NONE,IDLE,90,0-890,Complete
Motorola device,C2-L,AC_CONNECTED,COMPACT,CONTINUOUS,90,0-890,Complete
Motorola device,C2-H,AC_CONNECTED,HIGH,CONTINUOUS,90,0-890,Complete
Motorola device,C3-L,UNPLUGGED,COMPACT,CONTINUOUS,90,0-890,Complete
Motorola device,C3-H,UNPLUGGED,HIGH,CONTINUOUS,90,0-890,Complete
Motorola device,C4-L,AC_CONNECTED,COMPACT,DUTY_CYCLE,90,0-890,Complete
Motorola device,C4-H,AC_CONNECTED,HIGH,DUTY_CYCLE,90,0-890,Complete
Motorola device,C5-L,UNPLUGGED,COMPACT,DUTY_CYCLE,90,0-890,Complete
Motorola device,C5-H,UNPLUGGED,HIGH,DUTY_CYCLE,90,0-890,Complete
Oppo A78 5G,C0,UNPLUGGED,NONE,IDLE,90,0-890,Complete
Oppo A78 5G,C1,AC_CONNECTED,NONE,IDLE,90,0-890,Complete
Oppo A78 5G,C2-L,AC_CONNECTED,COMPACT,CONTINUOUS,90,0-890,Complete
Oppo A78 5G,C2-H,AC_CONNECTED,HIGH,CONTINUOUS,90,0-890,Complete
Oppo A78 5G,C3-L,UNPLUGGED,COMPACT,CONTINUOUS,90,0-890,Complete
Oppo A78 5G,C3-H,UNPLUGGED,HIGH,CONTINUOUS,90,0-890,Complete
Oppo A78 5G,C4-L,AC_CONNECTED,COMPACT,DUTY_CYCLE,90,0-890,Complete
Oppo A78 5G,C4-H,AC_CONNECTED,HIGH,DUTY_CYCLE,90,0-890,Complete
Oppo A78 5G,C5-L,UNPLUGGED,COMPACT,DUTY_CYCLE,90,0-890,Complete
Oppo A78 5G,C5-H,UNPLUGGED,HIGH,DUTY_CYCLE,90,0-890,Complete
