"device_label","run_id","power_state","workload","active_samples","pause_samples","mean_active_power_mw","mean_pause_power_mw","active_minus_pause_power_mw","mean_active_current_ma","mean_pause_current_ma","active_minus_pause_current_ma","mean_active_temperature_c","mean_pause_temperature_c","active_minus_pause_temperature_c","mean_active_cpu_busy_percent","mean_pause_cpu_busy_percent","active_minus_pause_cpu_busy_percentage_points"
"lenovo_tablet","C4-H","AC_CONNECTED","HIGH","54","30","5107.62037037037","5034.28","73.3403703703698","1234.34444444444","1217.2","17.1444444444448","32","32","0","17.557037037037","25.3346666666667","-7.77762962962963"
"lenovo_tablet","C4-L","AC_CONNECTED","COMPACT","54","28","5486.07407407407","5689.86071428571","-203.786640211641","1340.02037037037","1392.725","-52.7046296296294","31.3148148148148","31.25","0.0648148148148131","22.6964814814815","19.1785714285714","3.51791005291006"
"lenovo_tablet","C5-H","UNPLUGGED","HIGH","54","30","-2290.52222222222","-2408.56333333333","118.041111111111","-606.490740740741","-637.823333333333","31.3325925925925","29.7407407407407","29.7","0.0407407407407412","13.5222222222222","18.1416666666667","-4.61944444444444"
"lenovo_tablet","C5-L","UNPLUGGED","COMPACT","54","30","-2480.19259259259","-2215.37333333333","-264.819259259259","-650.346296296296","-581.14","-69.2062962962963","30.0925925925926","30.1","-0.00740740740740975","21.4133333333333","14.9213333333333","6.492"
"motorola_device","C4-H","AC_CONNECTED","HIGH","54","30","5819.92037037037","3854.38666666667","1965.5337037037","1486.09259259259","990.6","495.492592592593","35.2222222222222","35.3","-0.0777777777777757","14.502037037037","12.838","1.66403703703704"
"motorola_device","C4-L","AC_CONNECTED","COMPACT","54","30","7671.02592592593","6919.88333333333","751.142592592592","1970.87037037037","1779.9","190.97037037037","34.5","34.4333333333333","0.06666666666667","21.2407407407407","13.89","7.35074074074075"
"motorola_device","C5-H","UNPLUGGED","HIGH","54","30","-1885.92962962963","-2219.83666666667","333.907037037037","-495.148148148148","-583.266666666667","88.1185185185185","34.4444444444444","34.5","-0.0555555555555571","13.2142592592593","15.7296666666667","-2.5154074074074"
"motorola_device","C5-L","UNPLUGGED","COMPACT","54","30","-2557.64259259259","-1594.1","-963.542592592592","-668.685185185185","-416.266666666667","-252.418518518519","35","35","0","20.38","14.499","5.881"
"oppo_a78_5g","C4-H","AC_CONNECTED","HIGH","54","30","-4.66151533333333","-4.725713","0.0641976666666668","-1.06392592592593","-1.07853333333333","0.0146074074074074","38.8962962962963","38.88","0.0162962962963107","31.9692592592593","32.444","-0.474740740740724"
"oppo_a78_5g","C4-L","AC_CONNECTED","COMPACT","54","30","-5.94670492592592","-6.1792202","0.232515274074077","-1.38001851851852","-1.43436666666667","0.0543481481481483","37.9462962962963","37.9033333333333","0.0429629629629744","37.2627777777778","29.9573333333333","7.30544444444445"
"oppo_a78_5g","C5-H","UNPLUGGED","HIGH","54","30","1.76127224074074","1.7460553","0.0152169407407408","0.417759259259259","0.414066666666667","0.00369259259259264","34.4185185185185","34.4366666666667","-0.0181481481481356","28.6566666666667","29.9676666666667","-1.311"
"oppo_a78_5g","C5-L","UNPLUGGED","COMPACT","54","30","2.12876242592593","1.8624008","0.266361625925925","0.501555555555556","0.438066666666667","0.063488888888889","36.5166666666667","36.5833333333333","-0.06666666666667","35.527962962963","27.7286666666667","7.79929629629629"
