run_id,power_state,workload,policy,duty_on_seconds,duty_off_seconds,duration_seconds_requested,sample_seconds_requested,screen_state,battery_saver_state
C0,UNPLUGGED,NONE,IDLE,0,0,900,10,ON,OFF
C1,AC_CONNECTED,NONE,IDLE,0,0,900,10,ON,OFF
C2-L,AC_CONNECTED,COMPACT,CONTINUOUS,0,0,900,10,ON,OFF
C2-H,AC_CONNECTED,HIGH,CONTINUOUS,0,0,900,10,ON,OFF
C3-L,UNPLUGGED,COMPACT,CONTINUOUS,0,0,900,10,ON,OFF
C3-H,UNPLUGGED,HIGH,CONTINUOUS,0,0,900,10,ON,OFF
C4-L,AC_CONNECTED,COMPACT,DUTY_CYCLE,60,30,900,10,ON,OFF
C4-H,AC_CONNECTED,HIGH,DUTY_CYCLE,60,30,900,10,ON,OFF
C5-L,UNPLUGGED,COMPACT,DUTY_CYCLE,60,30,900,10,ON,OFF
C5-H,UNPLUGGED,HIGH,DUTY_CYCLE,60,30,900,10,ON,OFF
